"spp","1","2","3","4","5","6","7","8","9","10","11","12","13","14","15","16","17","19","20","21","22","23","24","25","26","27","28","29","30","31","32","33","34","35","36","37","38","39","40","41","43","44","45","46","47","48","49","50","51","52","53","54","55","56","57","58","59","60","61","62","63","65","67","68","69","70","71","72","73","74","75","76","77","78","79","80","81","82","83","84","85","86","87","88","89"
"Acrobates_pygmaeus",NA,NA,"1",NA,"1","1",NA,NA,NA,NA,NA,NA,NA,NA,"1",NA,"1",NA,NA,NA,NA,NA,NA,"1","1",NA,NA,NA,"1",NA,NA,NA,NA,NA,NA,NA,NA,NA,NA,NA,NA,NA,NA,NA,NA,NA,"1",NA,NA,NA,NA,"1","1","1","1",NA,"1",NA,NA,NA,NA,"1","1","1","1","1",NA,NA,NA,"1",NA,"1",NA,NA,NA,NA,NA,NA,NA,NA,NA,"1",NA,"1",NA
"Aepyprymnus_rufescens",NA,NA,NA,NA,"1","1",NA,NA,NA,NA,NA,NA,NA,NA,"1",NA,"1","1",NA,NA,NA,"1",NA,NA,"1",NA,NA,NA,NA,NA,NA,NA,NA,NA,NA,NA,NA,NA,NA,NA,NA,NA,NA,NA,NA,NA,NA,NA,NA,NA,NA,"1",NA,"1","1",NA,"1",NA,NA,NA,NA,NA,NA,NA,"1","1",NA,NA,NA,NA,NA,"1",NA,NA,NA,NA,NA,NA,NA,NA,NA,NA,NA,"1",NA
"Antechinomys_laniger",NA,NA,NA,NA,NA,NA,NA,"1","1","1",NA,NA,"1","1",NA,"1","1",NA,NA,NA,NA,NA,"1","1",NA,NA,"1","1","1",NA,"1","1",NA,NA,"1","1","1",NA,"1",NA,NA,NA,NA,NA,"1","1","1","1",NA,"1","1",NA,NA,NA,NA,NA,"1","1",NA,NA,NA,"1",NA,NA,NA,NA,"1","1",NA,NA,NA,NA,NA,NA,NA,NA,NA,NA,NA,NA,NA,NA,NA,NA,"1"
"Antechinus_adustus",NA,NA,NA,NA,NA,NA,NA,NA,NA,NA,NA,NA,NA,NA,NA,NA,NA,NA,NA,NA,NA,NA,NA,NA,NA,NA,NA,NA,NA,NA,NA,NA,NA,NA,NA,NA,NA,NA,NA,NA,NA,NA,NA,NA,NA,NA,NA,NA,NA,NA,NA,NA,NA,NA,NA,NA,NA,NA,NA,NA,NA,NA,NA,NA,NA,NA,NA,NA,NA,NA,NA,NA,NA,NA,NA,NA,NA,NA,NA,NA,NA,NA,NA,"1",NA
"Antechinus_agilis",NA,NA,"1",NA,NA,NA,NA,NA,NA,NA,NA,NA,NA,NA,NA,NA,NA,NA,NA,NA,NA,NA,NA,NA,NA,NA,NA,NA,NA,"1",NA,NA,NA,NA,NA,NA,NA,NA,NA,NA,NA,NA,NA,NA,NA,NA,NA,NA,NA,NA,NA,NA,"1",NA,NA,NA,"1",NA,NA,NA,NA,"1","1","1","1",NA,NA,NA,NA,"1",NA,"1",NA,NA,NA,NA,NA,NA,NA,NA,NA,"1",NA,NA,NA
"Antechinus_bellus","1","1",NA,NA,NA,NA,NA,NA,NA,NA,NA,NA,NA,NA,NA,NA,NA,NA,"1","1",NA,NA,NA,NA,NA,NA,NA,NA,NA,NA,NA,NA,NA,NA,NA,NA,NA,NA,NA,NA,NA,NA,NA,NA,NA,NA,NA,NA,NA,NA,NA,NA,NA,NA,NA,NA,NA,NA,NA,"1",NA,NA,NA,NA,NA,NA,NA,NA,NA,NA,NA,NA,NA,NA,"1",NA,NA,NA,NA,NA,NA,NA,NA,NA,NA
"Antechinus_flavipes",NA,NA,NA,"1","1","1",NA,NA,NA,NA,NA,NA,NA,NA,"1",NA,"1",NA,NA,NA,NA,NA,NA,"1",NA,"1",NA,NA,"1",NA,NA,NA,NA,NA,NA,NA,NA,NA,NA,NA,"1","1",NA,NA,NA,NA,"1",NA,NA,NA,NA,"1","1","1","1",NA,"1",NA,NA,NA,NA,"1",NA,NA,NA,"1",NA,NA,NA,"1","1","1",NA,NA,NA,NA,NA,NA,NA,NA,NA,"1","1","1",NA
"Antechinus_godmani",NA,NA,NA,NA,NA,NA,NA,NA,NA,NA,NA,NA,NA,NA,NA,NA,NA,NA,NA,NA,NA,NA,NA,NA,NA,NA,NA,NA,NA,NA,NA,NA,NA,NA,NA,NA,NA,NA,NA,NA,NA,NA,NA,NA,NA,NA,NA,NA,NA,NA,NA,NA,NA,NA,NA,NA,NA,NA,NA,NA,NA,NA,NA,NA,NA,NA,NA,NA,NA,NA,NA,NA,NA,NA,NA,NA,NA,NA,NA,NA,NA,NA,NA,"1",NA
"Antechinus_leo",NA,NA,NA,NA,NA,NA,NA,NA,NA,NA,NA,NA,NA,NA,NA,NA,NA,"1",NA,NA,NA,NA,NA,NA,NA,NA,NA,NA,NA,NA,NA,NA,NA,NA,NA,NA,NA,NA,NA,NA,NA,NA,NA,NA,NA,NA,NA,NA,NA,NA,NA,NA,NA,NA,NA,NA,NA,NA,NA,NA,NA,NA,NA,NA,NA,NA,NA,NA,NA,NA,NA,NA,NA,NA,NA,NA,NA,NA,NA,NA,NA,NA,NA,NA,NA
"Antechinus_minimus",NA,NA,NA,NA,NA,NA,"1",NA,NA,NA,NA,NA,NA,NA,NA,NA,NA,NA,NA,NA,NA,NA,NA,NA,NA,NA,NA,NA,NA,"1",NA,NA,NA,NA,NA,NA,NA,NA,NA,NA,NA,NA,"1",NA,NA,NA,NA,NA,NA,NA,NA,NA,"1",NA,NA,NA,NA,NA,NA,NA,NA,NA,"1",NA,"1",NA,NA,NA,NA,"1",NA,NA,NA,"1",NA,"1","1","1","1","1",NA,"1",NA,NA,NA
"Antechinus_stuartii",NA,NA,"1",NA,NA,"1",NA,NA,NA,NA,NA,NA,NA,NA,NA,NA,NA,NA,NA,NA,NA,NA,NA,NA,NA,NA,NA,NA,NA,NA,NA,NA,NA,NA,NA,NA,NA,NA,NA,NA,NA,NA,NA,NA,NA,NA,NA,NA,NA,NA,NA,"1",NA,"1","1",NA,"1",NA,NA,NA,NA,NA,NA,NA,"1","1",NA,NA,NA,NA,NA,"1",NA,NA,NA,NA,NA,NA,NA,NA,NA,NA,NA,NA,NA
"Antechinus_subtropicus",NA,NA,NA,NA,NA,"1",NA,NA,NA,NA,NA,NA,NA,NA,NA,NA,NA,NA,NA,NA,NA,NA,NA,NA,NA,NA,NA,NA,NA,NA,NA,NA,NA,NA,NA,NA,NA,NA,NA,NA,NA,NA,NA,NA,NA,NA,NA,NA,NA,NA,NA,NA,NA,NA,NA,NA,NA,NA,NA,NA,NA,NA,NA,NA,NA,"1",NA,NA,NA,NA,NA,NA,NA,NA,NA,NA,NA,NA,NA,NA,NA,NA,NA,NA,NA
"Antechinus_swainsonii",NA,NA,"1",NA,NA,"1","1",NA,NA,NA,NA,NA,NA,NA,NA,NA,NA,NA,NA,NA,NA,NA,NA,NA,NA,NA,NA,NA,NA,"1",NA,NA,NA,NA,NA,NA,NA,NA,NA,NA,NA,NA,"1",NA,NA,NA,"1",NA,NA,NA,NA,NA,"1","1","1",NA,"1",NA,NA,NA,NA,NA,"1","1","1","1",NA,NA,NA,"1",NA,"1",NA,"1",NA,"1","1","1","1","1",NA,"1",NA,NA,NA
"Bettongia_gaimardi",NA,NA,NA,NA,NA,NA,"1",NA,NA,NA,NA,NA,NA,NA,NA,NA,NA,NA,NA,NA,NA,NA,NA,NA,NA,NA,NA,NA,NA,"1",NA,NA,NA,NA,NA,NA,NA,NA,NA,NA,NA,NA,"1",NA,NA,NA,NA,NA,NA,NA,NA,NA,NA,NA,NA,NA,NA,NA,NA,NA,NA,NA,NA,NA,NA,NA,NA,NA,NA,NA,NA,NA,NA,"1",NA,"1","1","1","1","1",NA,NA,NA,NA,NA
"Bettongia_lesueur",NA,NA,NA,NA,NA,NA,NA,NA,NA,"1",NA,NA,NA,NA,NA,NA,NA,NA,NA,NA,NA,NA,NA,NA,NA,NA,NA,NA,NA,NA,NA,NA,NA,NA,NA,NA,NA,NA,NA,NA,NA,NA,NA,NA,NA,NA,NA,NA,NA,NA,NA,NA,NA,NA,NA,NA,NA,NA,NA,NA,NA,NA,NA,NA,NA,NA,NA,NA,NA,NA,NA,NA,NA,NA,NA,NA,NA,NA,NA,NA,NA,NA,NA,NA,"1"
"Bettongia_penicillata",NA,NA,NA,"1",NA,NA,NA,NA,NA,NA,NA,NA,NA,NA,NA,NA,NA,NA,NA,NA,NA,NA,NA,NA,NA,"1",NA,NA,NA,NA,NA,NA,NA,NA,NA,NA,NA,NA,NA,NA,"1",NA,NA,NA,NA,NA,NA,NA,NA,NA,NA,NA,NA,NA,NA,NA,NA,NA,NA,NA,NA,NA,NA,NA,"1",NA,NA,NA,NA,NA,NA,NA,"1",NA,NA,NA,NA,NA,NA,NA,NA,NA,"1",NA,NA
"Bos_javanicus",NA,NA,NA,NA,NA,NA,NA,NA,NA,NA,NA,NA,NA,NA,NA,NA,NA,NA,NA,NA,NA,NA,NA,NA,NA,NA,NA,NA,NA,NA,NA,NA,NA,"1",NA,NA,NA,NA,NA,NA,NA,NA,NA,NA,NA,NA,NA,NA,NA,NA,NA,NA,NA,NA,NA,NA,NA,NA,NA,NA,NA,NA,NA,NA,NA,NA,NA,NA,NA,NA,NA,NA,NA,NA,"1",NA,NA,NA,NA,NA,NA,NA,NA,NA,NA
"Burramys_parvus",NA,NA,"1",NA,NA,NA,NA,NA,NA,NA,NA,NA,NA,NA,NA,NA,NA,NA,NA,NA,NA,NA,NA,NA,NA,NA,NA,NA,NA,NA,NA,NA,NA,NA,NA,NA,NA,NA,NA,NA,NA,NA,NA,NA,NA,NA,NA,NA,NA,NA,NA,NA,NA,NA,NA,NA,NA,NA,NA,NA,NA,NA,NA,NA,"1",NA,NA,NA,NA,NA,NA,NA,NA,NA,NA,NA,NA,NA,NA,NA,NA,NA,NA,NA,NA
"Canis_lupus","1","1","1","1","1","1",NA,"1","1","1","1","1","1","1",NA,"1","1","1","1","1","1",NA,"1","1",NA,"1","1","1","1","1","1","1","1","1","1","1","1","1","1","1","1","1","1","1","1","1","1","1",NA,"1","1","1","1","1","1","1","1","1","1","1","1","1","1","1","1","1","1","1","1","1","1","1","1","1","1","1","1","1",NA,NA,"1","1","1",NA,NA
"Cercartetus_lepidus",NA,NA,NA,NA,NA,NA,"1",NA,NA,NA,NA,NA,NA,NA,NA,NA,NA,NA,NA,NA,NA,NA,NA,NA,NA,NA,NA,NA,NA,"1",NA,NA,NA,NA,NA,NA,NA,NA,NA,NA,NA,"1","1",NA,NA,NA,"1",NA,NA,NA,NA,NA,"1",NA,NA,NA,NA,NA,NA,NA,NA,NA,NA,NA,NA,NA,NA,NA,NA,NA,NA,NA,NA,"1",NA,"1","1","1","1","1",NA,NA,NA,NA,NA
"Cercartetus_nanus",NA,NA,"1",NA,NA,"1","1",NA,NA,NA,NA,NA,NA,NA,NA,NA,NA,NA,NA,NA,NA,NA,NA,NA,NA,NA,"1",NA,NA,"1",NA,NA,NA,NA,NA,NA,NA,NA,NA,NA,NA,NA,"1",NA,NA,NA,"1",NA,NA,NA,NA,NA,"1","1","1",NA,"1",NA,NA,NA,NA,"1","1","1","1","1",NA,NA,NA,"1",NA,"1",NA,"1",NA,"1","1","1","1","1",NA,"1",NA,NA,NA
"Chaerephon_jobensis","1","1",NA,NA,"1",NA,NA,NA,NA,"1",NA,"1",NA,NA,"1",NA,NA,"1","1","1","1",NA,NA,NA,"1",NA,NA,NA,NA,NA,"1",NA,NA,"1",NA,"1","1","1",NA,NA,NA,NA,NA,NA,NA,NA,NA,"1","1",NA,"1",NA,NA,NA,NA,"1",NA,NA,"1","1","1",NA,NA,NA,NA,NA,NA,NA,"1",NA,NA,NA,"1",NA,"1",NA,NA,NA,NA,NA,"1",NA,NA,"1",NA
"Chalinolobus_dwyeri",NA,NA,NA,NA,NA,"1",NA,NA,NA,NA,NA,NA,NA,NA,NA,NA,NA,NA,NA,NA,NA,NA,NA,NA,NA,NA,NA,NA,NA,NA,NA,NA,NA,NA,NA,NA,NA,NA,NA,NA,NA,NA,NA,NA,NA,NA,NA,NA,NA,NA,NA,"1",NA,"1","1",NA,"1",NA,NA,NA,NA,NA,NA,NA,"1","1",NA,NA,NA,NA,NA,"1",NA,NA,NA,NA,NA,NA,NA,NA,NA,NA,NA,NA,NA
"Chalinolobus_gouldii","1","1","1","1","1","1","1","1","1","1",NA,"1","1","1","1","1","1",NA,"1","1","1",NA,"1","1","1","1","1","1","1","1","1","1","1","1","1","1","1","1","1","1","1","1",NA,"1","1","1","1","1","1","1","1","1","1","1","1","1","1","1","1","1","1","1","1","1","1","1","1","1","1","1","1","1","1",NA,"1","1","1","1","1",NA,"1","1","1",NA,"1"
"Chalinolobus_morio",NA,NA,"1","1",NA,"1","1",NA,"1",NA,NA,NA,"1",NA,NA,"1","1",NA,NA,NA,NA,NA,NA,"1",NA,"1","1","1","1","1",NA,"1","1",NA,NA,"1",NA,NA,NA,"1","1","1","1",NA,"1","1","1",NA,NA,"1","1","1","1","1","1",NA,"1","1",NA,NA,"1","1","1","1","1","1",NA,"1",NA,"1","1","1",NA,"1",NA,"1","1","1","1","1",NA,"1","1",NA,"1"
"Chalinolobus_nigrogriseus","1","1",NA,NA,"1",NA,NA,NA,NA,NA,"1","1",NA,NA,"1",NA,NA,"1","1","1","1",NA,NA,NA,"1",NA,NA,NA,NA,NA,NA,NA,NA,"1",NA,NA,"1","1",NA,NA,NA,NA,NA,NA,NA,NA,NA,"1","1",NA,NA,"1",NA,"1","1","1",NA,NA,"1","1","1",NA,NA,NA,NA,"1",NA,NA,"1",NA,NA,NA,NA,NA,"1",NA,NA,NA,NA,NA,"1",NA,NA,"1",NA
"Chalinolobus_picatus",NA,NA,NA,NA,"1","1",NA,"1",NA,NA,NA,NA,NA,"1",NA,NA,"1",NA,NA,NA,NA,NA,NA,"1",NA,NA,NA,NA,NA,NA,NA,NA,NA,NA,NA,NA,NA,NA,NA,NA,NA,NA,NA,NA,NA,NA,"1","1",NA,"1",NA,"1",NA,"1",NA,NA,"1",NA,NA,NA,NA,"1",NA,NA,NA,NA,NA,NA,NA,NA,NA,NA,NA,NA,NA,NA,NA,NA,NA,NA,NA,NA,NA,NA,NA
"Conilurus_penicillatus","1","1",NA,NA,NA,NA,NA,NA,NA,NA,NA,NA,NA,NA,NA,NA,NA,NA,"1","1",NA,NA,NA,NA,NA,NA,NA,NA,NA,NA,NA,NA,NA,"1",NA,NA,NA,"1",NA,NA,NA,NA,NA,NA,NA,NA,NA,NA,NA,NA,NA,NA,NA,NA,NA,"1",NA,NA,NA,"1",NA,NA,NA,NA,NA,NA,NA,NA,NA,NA,NA,NA,NA,NA,"1",NA,NA,NA,NA,NA,"1",NA,NA,NA,NA
"Dactylopsila_trivirgata",NA,NA,NA,NA,NA,NA,NA,NA,NA,NA,NA,NA,NA,NA,NA,NA,NA,"1",NA,NA,NA,NA,NA,NA,NA,NA,NA,NA,NA,NA,NA,NA,NA,NA,NA,NA,NA,NA,NA,NA,NA,NA,NA,NA,NA,NA,NA,NA,NA,NA,NA,NA,NA,NA,NA,NA,NA,NA,NA,NA,NA,NA,NA,NA,NA,NA,NA,NA,NA,NA,NA,NA,NA,NA,NA,NA,NA,NA,NA,NA,NA,NA,NA,"1",NA
"Dasycercus_cristicauda",NA,NA,NA,NA,NA,NA,NA,NA,"1",NA,NA,NA,"1",NA,NA,NA,NA,NA,NA,NA,NA,NA,NA,NA,NA,NA,NA,"1",NA,NA,NA,NA,NA,NA,NA,"1",NA,NA,NA,NA,NA,NA,NA,NA,"1",NA,NA,NA,NA,NA,NA,NA,NA,NA,NA,NA,NA,NA,NA,NA,NA,NA,NA,NA,NA,NA,NA,NA,NA,NA,NA,NA,"1",NA,NA,NA,NA,NA,NA,NA,NA,NA,NA,NA,NA
"Dasyuroides_byrnei",NA,NA,NA,NA,NA,NA,NA,NA,NA,NA,NA,NA,NA,"1",NA,NA,NA,NA,NA,NA,NA,NA,NA,NA,NA,NA,NA,NA,NA,NA,NA,NA,NA,NA,NA,NA,NA,NA,NA,NA,NA,NA,NA,NA,NA,NA,NA,"1",NA,NA,NA,NA,NA,NA,NA,NA,NA,NA,NA,NA,NA,NA,NA,NA,NA,NA,NA,NA,NA,NA,NA,NA,NA,NA,NA,NA,NA,NA,NA,NA,NA,NA,NA,NA,NA
"Dasyurus_geoffroii",NA,NA,NA,"1",NA,NA,NA,NA,NA,NA,NA,NA,NA,NA,NA,"1",NA,NA,NA,NA,NA,NA,NA,NA,NA,"1",NA,NA,NA,NA,NA,NA,NA,NA,NA,NA,NA,NA,NA,NA,"1",NA,NA,NA,NA,"1",NA,NA,NA,NA,NA,NA,NA,NA,NA,NA,NA,NA,NA,NA,NA,NA,NA,NA,NA,NA,NA,NA,NA,NA,"1",NA,NA,NA,NA,NA,NA,NA,NA,NA,NA,NA,"1",NA,NA
"Dasyurus_hallucatus","1","1",NA,NA,"1",NA,NA,NA,NA,NA,"1","1",NA,NA,"1",NA,NA,"1","1","1",NA,NA,NA,NA,"1",NA,NA,NA,NA,NA,NA,NA,NA,"1",NA,NA,"1",NA,NA,NA,NA,NA,NA,"1",NA,NA,NA,NA,NA,NA,NA,NA,NA,NA,NA,"1",NA,NA,NA,"1","1",NA,NA,NA,NA,NA,NA,NA,"1",NA,NA,NA,NA,NA,"1",NA,NA,NA,NA,NA,"1",NA,NA,"1",NA
"Dasyurus_maculatus",NA,NA,"1",NA,NA,"1","1",NA,NA,NA,NA,NA,NA,NA,NA,NA,NA,NA,NA,NA,NA,NA,NA,NA,NA,NA,NA,NA,NA,"1",NA,NA,NA,NA,NA,NA,NA,NA,NA,NA,NA,NA,"1",NA,NA,NA,"1",NA,NA,NA,NA,"1","1","1","1",NA,"1",NA,NA,NA,NA,NA,"1","1","1","1",NA,NA,NA,"1","1","1",NA,"1",NA,"1","1","1","1","1",NA,"1",NA,"1",NA
"Dasyurus_viverrinus",NA,NA,NA,NA,NA,NA,"1",NA,NA,NA,NA,NA,NA,NA,NA,NA,NA,NA,NA,NA,NA,NA,NA,NA,NA,NA,NA,NA,NA,"1",NA,NA,NA,NA,NA,NA,NA,NA,NA,NA,NA,NA,"1",NA,NA,NA,NA,NA,NA,NA,NA,NA,NA,NA,NA,NA,NA,NA,NA,NA,NA,NA,NA,NA,NA,NA,NA,NA,NA,NA,NA,NA,NA,"1",NA,"1","1","1","1","1",NA,NA,NA,NA,NA
"Dendrolagus_lumholtzi",NA,NA,NA,NA,NA,NA,NA,NA,NA,NA,NA,NA,NA,NA,NA,NA,NA,NA,NA,NA,NA,NA,NA,NA,NA,NA,NA,NA,NA,NA,NA,NA,NA,NA,NA,NA,NA,NA,NA,NA,NA,NA,NA,NA,NA,NA,NA,NA,NA,NA,NA,NA,NA,NA,NA,NA,NA,NA,NA,NA,NA,NA,NA,NA,NA,NA,NA,NA,NA,NA,NA,NA,NA,NA,NA,NA,NA,NA,NA,NA,NA,NA,NA,"1",NA
"Eptesicus_regulus",NA,NA,NA,"1",NA,NA,"1",NA,NA,NA,NA,NA,NA,NA,NA,"1",NA,NA,NA,NA,NA,NA,NA,NA,NA,NA,NA,NA,NA,NA,NA,NA,NA,NA,NA,NA,NA,NA,NA,NA,NA,NA,NA,NA,NA,NA,NA,NA,NA,NA,NA,NA,NA,NA,NA,NA,NA,NA,NA,NA,NA,NA,NA,NA,NA,NA,NA,NA,NA,NA,NA,NA,NA,"1",NA,"1","1","1","1",NA,NA,NA,NA,NA,NA
"Eptesicus_vulturnus",NA,NA,NA,NA,NA,"1","1",NA,NA,NA,NA,NA,NA,NA,NA,NA,NA,NA,NA,NA,NA,NA,NA,NA,NA,NA,NA,NA,NA,"1",NA,NA,NA,NA,NA,NA,NA,NA,NA,NA,NA,NA,"1",NA,NA,NA,NA,NA,NA,NA,NA,NA,NA,NA,NA,NA,NA,NA,NA,NA,NA,NA,NA,NA,NA,NA,NA,NA,NA,NA,NA,NA,NA,NA,NA,"1","1","1",NA,NA,NA,NA,NA,NA,NA
"Falsistrellus_tasmaniensis",NA,NA,"1",NA,NA,"1","1",NA,NA,NA,NA,NA,NA,NA,NA,NA,NA,NA,NA,NA,NA,NA,NA,NA,NA,NA,NA,NA,NA,NA,NA,NA,NA,NA,NA,NA,NA,NA,NA,NA,NA,NA,NA,NA,NA,NA,NA,NA,NA,NA,NA,"1","1","1","1",NA,"1",NA,NA,NA,NA,"1",NA,"1","1","1",NA,NA,NA,"1",NA,"1",NA,"1",NA,"1","1","1",NA,NA,NA,"1",NA,NA,NA
"Gymnobelideus_leadbeateri",NA,NA,"1",NA,NA,NA,NA,NA,NA,NA,NA,NA,NA,NA,NA,NA,NA,NA,NA,NA,NA,NA,NA,NA,NA,NA,NA,NA,NA,NA,NA,NA,NA,NA,NA,NA,NA,NA,NA,NA,NA,NA,NA,NA,NA,NA,NA,NA,NA,NA,NA,NA,NA,NA,NA,NA,NA,NA,NA,NA,NA,NA,"1",NA,"1",NA,NA,NA,NA,NA,NA,NA,NA,NA,NA,NA,NA,NA,NA,NA,NA,"1",NA,NA,NA
"Hemibelideus_lemuroides",NA,NA,NA,NA,NA,NA,NA,NA,NA,NA,NA,NA,NA,NA,NA,NA,NA,NA,NA,NA,NA,NA,NA,NA,NA,NA,NA,NA,NA,NA,NA,NA,NA,NA,NA,NA,NA,NA,NA,NA,NA,NA,NA,NA,NA,NA,NA,NA,NA,NA,NA,NA,NA,NA,NA,NA,NA,NA,NA,NA,NA,NA,NA,NA,NA,NA,NA,NA,NA,NA,NA,NA,NA,NA,NA,NA,NA,NA,NA,NA,NA,NA,NA,"1",NA
"Hipposideros_ater","1","1",NA,NA,NA,NA,NA,NA,"1",NA,"1","1",NA,"1",NA,NA,NA,"1","1","1","1",NA,NA,NA,"1",NA,NA,NA,NA,NA,NA,NA,NA,"1",NA,NA,"1","1",NA,NA,NA,NA,NA,NA,NA,NA,NA,NA,"1",NA,NA,NA,NA,NA,NA,"1",NA,NA,"1","1",NA,NA,NA,NA,NA,NA,NA,NA,"1",NA,NA,NA,NA,NA,NA,NA,NA,NA,NA,NA,"1",NA,NA,"1",NA
"Hipposideros_cervinus",NA,NA,NA,NA,NA,NA,NA,NA,NA,NA,NA,NA,NA,NA,NA,NA,NA,"1",NA,NA,NA,NA,NA,NA,NA,NA,NA,NA,NA,NA,NA,NA,NA,NA,NA,NA,NA,NA,NA,NA,NA,NA,NA,NA,NA,NA,NA,NA,NA,NA,NA,NA,NA,NA,NA,NA,NA,NA,NA,NA,NA,NA,NA,NA,NA,NA,NA,NA,NA,NA,NA,NA,NA,NA,NA,NA,NA,NA,NA,NA,NA,NA,NA,NA,NA
"Hipposideros_diadema",NA,NA,NA,NA,NA,NA,NA,NA,NA,NA,NA,NA,NA,NA,NA,NA,NA,"1",NA,NA,NA,NA,NA,NA,"1",NA,NA,NA,NA,NA,NA,NA,NA,NA,NA,NA,NA,NA,NA,NA,NA,NA,NA,NA,NA,NA,NA,NA,NA,NA,NA,NA,NA,NA,NA,NA,NA,NA,NA,NA,NA,NA,NA,NA,NA,NA,NA,NA,NA,NA,NA,NA,NA,NA,NA,NA,NA,NA,NA,NA,NA,NA,NA,"1",NA
"Hipposideros_semoni",NA,NA,NA,NA,"1",NA,NA,NA,NA,NA,NA,NA,NA,NA,NA,NA,NA,"1",NA,NA,NA,NA,NA,NA,NA,NA,NA,NA,NA,NA,NA,NA,NA,NA,NA,NA,NA,NA,NA,NA,NA,NA,NA,NA,NA,NA,NA,NA,NA,NA,NA,NA,NA,NA,NA,NA,NA,NA,NA,NA,NA,NA,NA,NA,NA,NA,NA,NA,NA,NA,NA,NA,NA,NA,NA,NA,NA,NA,NA,NA,NA,NA,NA,NA,NA
"Hipposideros_stenotis",NA,"1",NA,NA,NA,NA,NA,NA,NA,NA,"1",NA,NA,NA,NA,NA,NA,NA,"1","1",NA,NA,NA,NA,NA,NA,NA,NA,NA,NA,NA,NA,NA,NA,NA,NA,"1",NA,NA,NA,NA,NA,NA,NA,NA,NA,NA,NA,"1",NA,NA,NA,NA,NA,NA,"1",NA,NA,NA,"1",NA,NA,NA,NA,NA,NA,NA,NA,NA,NA,NA,NA,NA,NA,NA,NA,NA,NA,NA,NA,"1",NA,NA,NA,NA
"Hydromys_chrysogaster","1","1","1","1","1","1","1",NA,NA,"1","1","1",NA,"1","1",NA,"1","1","1","1",NA,NA,NA,"1","1","1","1",NA,"1","1",NA,"1",NA,"1",NA,NA,NA,"1",NA,NA,"1","1","1",NA,NA,NA,"1",NA,"1","1",NA,"1","1","1","1","1","1",NA,"1","1",NA,"1","1","1","1","1","1",NA,NA,"1","1","1",NA,"1","1","1","1","1","1","1","1","1","1","1",NA
"Hypsiprymnodon_moschatus",NA,NA,NA,NA,"1",NA,NA,NA,NA,NA,NA,NA,NA,NA,NA,NA,NA,NA,NA,NA,NA,NA,NA,NA,NA,NA,NA,NA,NA,NA,NA,NA,NA,NA,NA,NA,NA,NA,NA,NA,NA,NA,NA,NA,NA,NA,NA,NA,NA,NA,NA,NA,NA,NA,NA,NA,NA,NA,NA,NA,NA,NA,NA,NA,NA,NA,NA,NA,NA,NA,NA,NA,NA,"1",NA,NA,NA,NA,NA,NA,NA,NA,NA,"1",NA
"Isoodon_macrourus","1","1",NA,NA,"1","1",NA,NA,NA,"1","1",NA,NA,NA,"1",NA,NA,"1","1","1",NA,NA,NA,NA,"1",NA,NA,NA,NA,NA,NA,NA,NA,"1",NA,NA,"1",NA,NA,NA,NA,NA,NA,NA,NA,NA,NA,NA,NA,NA,NA,NA,NA,"1","1","1",NA,NA,"1","1",NA,NA,NA,NA,NA,"1",NA,NA,"1",NA,NA,"1",NA,NA,"1",NA,NA,NA,NA,NA,"1",NA,NA,"1",NA
"Isoodon_obesulus",NA,NA,NA,"1",NA,NA,"1",NA,NA,"1",NA,NA,NA,NA,NA,NA,NA,"1",NA,NA,NA,NA,NA,NA,NA,"1","1",NA,"1","1",NA,NA,NA,NA,NA,NA,NA,NA,NA,NA,"1","1","1",NA,NA,"1","1",NA,NA,NA,NA,NA,"1",NA,"1",NA,NA,NA,NA,NA,NA,NA,"1","1","1","1",NA,NA,NA,"1","1","1",NA,"1",NA,"1","1","1","1","1",NA,"1","1","1",NA
"Kerivoula_papuensis",NA,NA,NA,NA,NA,NA,NA,NA,NA,NA,NA,NA,NA,NA,NA,NA,NA,"1",NA,NA,NA,NA,NA,NA,NA,NA,NA,NA,NA,NA,NA,NA,NA,NA,NA,NA,NA,NA,NA,NA,NA,NA,NA,NA,NA,NA,NA,NA,NA,NA,NA,NA,NA,"1","1",NA,NA,NA,NA,NA,NA,NA,NA,"1","1","1",NA,NA,NA,NA,NA,"1",NA,NA,NA,NA,NA,NA,NA,NA,NA,NA,NA,"1",NA
"Lagorchestes_conspicillatus","1",NA,NA,NA,"1",NA,NA,NA,"1","1","1","1","1","1",NA,NA,NA,NA,"1",NA,"1","1","1",NA,"1",NA,NA,NA,NA,NA,"1",NA,NA,"1",NA,"1","1","1",NA,NA,NA,NA,NA,NA,"1",NA,NA,"1",NA,NA,NA,NA,NA,NA,NA,"1",NA,NA,"1","1","1",NA,NA,NA,NA,NA,NA,NA,"1",NA,NA,NA,"1",NA,NA,NA,NA,NA,NA,NA,"1",NA,NA,NA,NA
"Lagorchestes_hirsutus",NA,NA,NA,NA,NA,NA,NA,NA,NA,NA,NA,NA,NA,NA,NA,NA,NA,NA,NA,NA,NA,NA,NA,NA,NA,NA,NA,NA,NA,NA,NA,NA,NA,NA,NA,NA,NA,NA,NA,NA,NA,NA,NA,NA,NA,NA,NA,NA,NA,NA,NA,NA,NA,NA,NA,NA,NA,NA,NA,NA,"1",NA,NA,NA,NA,NA,NA,NA,NA,NA,NA,NA,NA,NA,NA,NA,NA,NA,NA,NA,NA,NA,NA,NA,NA
"Lasiorhinus_latifrons",NA,NA,NA,NA,NA,NA,NA,"1",NA,NA,NA,NA,NA,NA,NA,NA,NA,NA,NA,NA,NA,NA,NA,"1",NA,NA,"1",NA,"1",NA,NA,"1",NA,NA,NA,NA,NA,NA,"1","1",NA,"1",NA,NA,NA,NA,"1",NA,NA,NA,NA,NA,NA,NA,NA,NA,NA,"1",NA,NA,NA,NA,NA,NA,NA,NA,NA,"1",NA,NA,NA,NA,NA,NA,NA,NA,NA,NA,NA,NA,NA,NA,NA,NA,NA
"Leggadina_forresti",NA,NA,NA,NA,NA,NA,NA,NA,"1",NA,NA,NA,"1","1",NA,NA,NA,NA,NA,NA,NA,NA,"1",NA,NA,NA,NA,"1",NA,NA,NA,NA,NA,"1",NA,"1","1",NA,"1",NA,NA,NA,NA,NA,"1",NA,NA,"1","1",NA,NA,NA,NA,NA,NA,NA,NA,NA,"1",NA,NA,NA,NA,NA,NA,NA,"1","1","1",NA,NA,NA,"1",NA,NA,NA,NA,NA,NA,NA,NA,NA,NA,NA,NA
"Leggadina_lakedownensis",NA,"1",NA,NA,NA,NA,NA,NA,NA,NA,NA,"1",NA,NA,NA,NA,NA,"1","1","1","1",NA,NA,NA,"1",NA,NA,NA,NA,NA,NA,NA,NA,NA,NA,"1",NA,"1",NA,NA,NA,NA,NA,NA,NA,NA,NA,"1",NA,NA,NA,NA,NA,NA,NA,"1",NA,NA,"1","1","1",NA,NA,NA,NA,NA,NA,NA,"1",NA,NA,NA,NA,NA,NA,NA,NA,NA,NA,NA,"1",NA,NA,NA,NA
"Macroderma_gigas","1","1",NA,NA,"1",NA,NA,NA,"1",NA,"1","1","1",NA,NA,NA,NA,"1","1","1","1",NA,"1",NA,"1",NA,NA,"1",NA,NA,NA,NA,NA,"1",NA,"1","1",NA,NA,NA,NA,NA,NA,NA,"1",NA,NA,NA,NA,NA,NA,NA,NA,NA,NA,"1",NA,NA,"1","1","1",NA,NA,NA,NA,NA,"1",NA,NA,NA,NA,NA,"1",NA,NA,NA,NA,NA,NA,NA,"1",NA,NA,"1",NA
"Macroglossus_minimus","1","1",NA,NA,NA,NA,NA,NA,NA,NA,NA,"1",NA,NA,NA,NA,NA,"1",NA,"1","1",NA,NA,NA,NA,NA,NA,NA,NA,NA,NA,NA,NA,NA,NA,NA,NA,NA,NA,NA,NA,NA,NA,NA,NA,NA,NA,NA,NA,NA,NA,NA,NA,NA,NA,"1",NA,NA,NA,"1",NA,NA,NA,NA,NA,NA,NA,NA,NA,NA,NA,NA,NA,NA,"1",NA,NA,NA,NA,NA,NA,NA,NA,"1",NA
"Macropus_agilis","1","1",NA,NA,"1",NA,NA,NA,NA,NA,"1","1",NA,NA,"1",NA,NA,"1","1","1","1",NA,"1",NA,"1",NA,NA,NA,NA,NA,NA,NA,NA,"1",NA,NA,"1","1",NA,NA,NA,NA,NA,NA,NA,NA,NA,"1","1",NA,NA,NA,NA,NA,NA,"1",NA,NA,"1","1",NA,NA,NA,NA,NA,NA,NA,NA,"1",NA,NA,NA,NA,NA,"1",NA,NA,NA,NA,NA,"1",NA,NA,"1",NA
"Macropus_antilopinus","1","1",NA,NA,NA,NA,NA,NA,NA,NA,"1","1",NA,NA,NA,NA,NA,"1","1","1","1",NA,NA,NA,"1",NA,NA,NA,NA,NA,NA,NA,NA,"1",NA,NA,"1","1",NA,NA,NA,NA,NA,NA,NA,NA,NA,NA,"1",NA,NA,NA,NA,NA,NA,"1",NA,NA,"1","1",NA,NA,NA,NA,NA,NA,NA,NA,"1",NA,NA,NA,NA,NA,"1",NA,NA,NA,NA,NA,"1",NA,NA,NA,NA
"Macropus_bernardus","1","1",NA,NA,NA,NA,NA,NA,NA,NA,NA,NA,NA,NA,NA,NA,NA,NA,NA,"1",NA,NA,NA,NA,NA,NA,NA,NA,NA,NA,NA,NA,NA,NA,NA,NA,NA,NA,NA,NA,NA,NA,NA,NA,NA,NA,NA,NA,NA,NA,NA,NA,NA,NA,NA,NA,NA,NA,NA,"1",NA,NA,NA,NA,NA,NA,NA,NA,NA,NA,NA,NA,NA,NA,NA,NA,NA,NA,NA,NA,NA,NA,NA,NA,NA
"Macropus_dorsalis",NA,NA,NA,NA,"1","1",NA,NA,NA,NA,NA,NA,NA,NA,NA,NA,NA,NA,NA,NA,NA,NA,NA,NA,NA,NA,NA,NA,NA,NA,NA,NA,NA,NA,NA,NA,NA,NA,NA,NA,NA,NA,NA,NA,NA,NA,NA,NA,NA,NA,NA,"1",NA,"1","1",NA,NA,NA,NA,NA,NA,NA,NA,NA,NA,"1",NA,NA,NA,NA,NA,NA,NA,NA,NA,NA,NA,NA,NA,NA,NA,NA,NA,NA,NA
"Macropus_eugenii",NA,NA,NA,"1",NA,NA,NA,"1",NA,NA,NA,NA,NA,NA,NA,"1",NA,NA,NA,NA,NA,NA,NA,NA,NA,"1","1",NA,NA,NA,NA,NA,"1",NA,NA,NA,NA,NA,NA,NA,"1","1",NA,NA,NA,"1","1",NA,NA,NA,NA,NA,NA,NA,NA,NA,NA,NA,NA,NA,NA,NA,NA,NA,NA,NA,NA,NA,NA,NA,NA,NA,NA,NA,NA,NA,NA,NA,NA,NA,NA,NA,NA,NA,NA
"Macropus_fuliginosus",NA,NA,NA,"1",NA,"1",NA,"1",NA,NA,NA,NA,"1","1",NA,"1","1",NA,NA,NA,NA,NA,NA,"1",NA,"1","1",NA,"1",NA,NA,"1","1",NA,NA,NA,NA,NA,"1","1","1","1",NA,NA,NA,"1","1",NA,NA,"1","1",NA,"1",NA,NA,NA,NA,"1",NA,NA,NA,"1",NA,NA,NA,NA,"1","1",NA,NA,"1",NA,NA,NA,NA,NA,NA,NA,NA,NA,NA,"1","1",NA,"1"
"Macropus_giganteus",NA,NA,"1",NA,"1","1","1","1",NA,NA,NA,NA,NA,"1",NA,NA,"1","1",NA,NA,NA,"1",NA,"1","1",NA,NA,NA,"1","1",NA,NA,NA,NA,NA,NA,NA,NA,NA,NA,NA,"1","1",NA,NA,NA,"1","1",NA,"1",NA,"1","1","1","1",NA,"1",NA,NA,NA,NA,"1","1","1","1","1","1",NA,NA,"1",NA,"1",NA,NA,NA,"1",NA,"1",NA,NA,NA,"1",NA,"1",NA
"Macropus_parma",NA,NA,NA,NA,NA,NA,NA,NA,NA,NA,NA,NA,NA,NA,NA,NA,NA,NA,NA,NA,NA,NA,NA,NA,NA,NA,NA,NA,NA,NA,NA,NA,NA,NA,NA,NA,NA,NA,NA,NA,NA,NA,NA,NA,NA,NA,NA,NA,NA,NA,NA,NA,NA,"1","1",NA,NA,NA,NA,NA,NA,NA,NA,NA,NA,"1",NA,NA,NA,NA,NA,"1",NA,NA,NA,NA,NA,NA,NA,NA,NA,NA,NA,NA,NA
"Macropus_parryi",NA,NA,NA,NA,NA,"1",NA,NA,NA,NA,NA,NA,NA,NA,"1",NA,NA,"1",NA,NA,NA,"1",NA,NA,NA,NA,NA,NA,NA,NA,NA,NA,NA,NA,NA,NA,NA,NA,NA,NA,NA,NA,NA,NA,NA,NA,NA,NA,NA,NA,NA,NA,NA,"1","1",NA,NA,NA,NA,NA,NA,NA,NA,NA,NA,"1",NA,NA,NA,NA,NA,NA,NA,NA,NA,NA,NA,NA,NA,NA,NA,NA,NA,"1",NA
"Macropus_robustus","1","1","1","1","1","1",NA,"1","1","1","1","1","1","1",NA,"1","1",NA,"1","1","1","1","1","1","1",NA,"1","1","1",NA,"1","1","1","1","1","1","1","1","1",NA,"1","1",NA,"1","1","1","1","1","1","1","1","1","1","1","1","1","1","1","1","1","1","1",NA,"1","1","1","1","1","1","1","1","1","1",NA,NA,NA,NA,NA,NA,NA,"1","1",NA,"1","1"
"Macropus_rufogriseus",NA,NA,"1",NA,"1","1","1",NA,NA,NA,NA,NA,NA,NA,NA,NA,"1",NA,NA,NA,NA,NA,NA,"1",NA,NA,NA,NA,NA,"1",NA,NA,NA,NA,NA,NA,NA,NA,NA,NA,NA,NA,"1",NA,NA,NA,"1",NA,NA,NA,NA,"1","1","1","1",NA,"1",NA,NA,NA,NA,"1","1","1","1","1",NA,NA,NA,"1",NA,"1",NA,"1",NA,"1","1","1","1","1",NA,"1",NA,NA,NA
"Macropus_rufus",NA,NA,NA,"1",NA,"1",NA,"1","1","1",NA,NA,"1","1",NA,"1","1",NA,NA,NA,"1","1","1","1",NA,NA,"1","1","1",NA,"1","1","1","1","1","1","1","1","1","1",NA,"1",NA,NA,"1",NA,"1","1","1","1","1","1",NA,NA,NA,NA,"1","1","1",NA,"1","1",NA,NA,NA,NA,"1","1","1",NA,NA,NA,"1",NA,NA,NA,NA,NA,NA,NA,"1",NA,NA,NA,"1"
"Macrotis_lagotis",NA,NA,NA,NA,NA,NA,NA,NA,"1",NA,NA,"1","1","1",NA,NA,NA,NA,NA,NA,"1",NA,"1",NA,NA,NA,NA,"1",NA,NA,NA,NA,NA,NA,"1","1",NA,NA,"1",NA,NA,NA,NA,NA,"1",NA,NA,"1",NA,NA,NA,NA,NA,NA,NA,NA,NA,NA,"1",NA,NA,NA,NA,NA,NA,NA,"1","1","1",NA,NA,NA,"1",NA,NA,NA,NA,NA,NA,NA,NA,NA,NA,NA,NA
"Mastacomys_fuscus",NA,NA,"1",NA,NA,NA,NA,NA,NA,NA,NA,NA,NA,NA,NA,NA,NA,NA,NA,NA,NA,NA,NA,NA,NA,NA,NA,NA,NA,NA,NA,NA,NA,NA,NA,NA,NA,NA,NA,NA,NA,NA,"1",NA,NA,NA,NA,NA,NA,NA,NA,NA,NA,NA,NA,NA,"1",NA,NA,NA,NA,NA,"1","1","1",NA,NA,NA,NA,"1",NA,NA,NA,"1",NA,NA,NA,NA,"1","1",NA,NA,NA,NA,NA
"Melomys_burtoni","1","1",NA,NA,"1",NA,NA,NA,NA,NA,"1",NA,NA,NA,"1",NA,NA,"1","1","1","1",NA,NA,NA,"1",NA,NA,NA,NA,NA,NA,NA,NA,"1",NA,NA,"1",NA,NA,NA,NA,NA,NA,NA,NA,NA,NA,NA,NA,NA,NA,NA,NA,"1","1","1",NA,NA,"1","1",NA,NA,NA,NA,NA,"1",NA,NA,NA,NA,NA,NA,NA,NA,"1",NA,NA,NA,NA,NA,"1",NA,NA,"1",NA
"Melomys_capensis",NA,NA,NA,NA,NA,NA,NA,NA,NA,NA,NA,NA,NA,NA,NA,NA,NA,"1",NA,NA,NA,NA,NA,NA,NA,NA,NA,NA,NA,NA,NA,NA,NA,NA,NA,NA,NA,NA,NA,NA,NA,NA,NA,NA,NA,NA,NA,NA,NA,NA,NA,NA,NA,NA,NA,NA,NA,NA,NA,NA,NA,NA,NA,NA,NA,NA,NA,NA,NA,NA,NA,NA,NA,NA,NA,NA,NA,NA,NA,NA,NA,NA,NA,NA,NA
"Melomys_cervinipes",NA,NA,NA,NA,"1","1",NA,NA,NA,NA,NA,NA,NA,NA,"1",NA,NA,"1",NA,NA,NA,NA,NA,NA,"1",NA,NA,NA,NA,NA,NA,NA,NA,NA,NA,NA,NA,NA,NA,NA,NA,NA,NA,NA,NA,NA,NA,NA,NA,NA,NA,NA,NA,"1","1",NA,NA,NA,NA,NA,NA,NA,NA,NA,NA,"1",NA,NA,NA,NA,NA,"1",NA,NA,NA,NA,NA,NA,NA,NA,NA,NA,NA,"1",NA
"Mesembriomys_gouldii","1","1",NA,NA,NA,NA,NA,NA,NA,NA,"1",NA,NA,NA,NA,NA,NA,"1","1","1",NA,NA,NA,NA,"1",NA,NA,NA,NA,NA,NA,NA,NA,NA,NA,NA,"1",NA,NA,NA,NA,NA,NA,NA,NA,NA,NA,NA,NA,NA,NA,NA,NA,NA,NA,"1",NA,NA,NA,"1",NA,NA,NA,NA,NA,NA,NA,NA,NA,NA,NA,NA,NA,NA,"1",NA,NA,NA,NA,NA,"1",NA,NA,"1",NA
"Mesembriomys_macrurus",NA,NA,NA,NA,NA,NA,NA,NA,NA,NA,NA,NA,NA,NA,NA,NA,NA,NA,NA,NA,NA,NA,NA,NA,NA,NA,NA,NA,NA,NA,NA,NA,NA,NA,NA,NA,NA,NA,NA,NA,NA,NA,NA,NA,NA,NA,NA,NA,NA,NA,NA,NA,NA,NA,NA,"1",NA,NA,NA,NA,NA,NA,NA,NA,NA,NA,NA,NA,NA,NA,NA,NA,NA,NA,NA,NA,NA,NA,NA,NA,NA,NA,NA,NA,NA
"Miniopterus_australis",NA,NA,NA,NA,"1",NA,NA,NA,NA,NA,NA,NA,NA,NA,"1",NA,NA,"1",NA,NA,NA,NA,NA,"1","1",NA,NA,NA,NA,NA,NA,NA,NA,NA,NA,NA,NA,"1",NA,NA,NA,NA,NA,NA,NA,NA,"1",NA,NA,NA,NA,"1",NA,"1","1",NA,"1",NA,NA,NA,NA,NA,NA,"1","1","1",NA,NA,NA,NA,NA,"1",NA,NA,NA,NA,NA,NA,NA,NA,NA,NA,NA,"1",NA
"Miniopterus_schreibersii",NA,NA,"1",NA,"1","1",NA,NA,NA,NA,NA,NA,NA,NA,"1",NA,NA,"1",NA,NA,NA,NA,NA,"1","1",NA,"1",NA,NA,"1",NA,NA,NA,NA,NA,"1",NA,NA,NA,NA,NA,NA,NA,NA,NA,NA,NA,NA,NA,NA,NA,"1",NA,"1","1",NA,"1",NA,NA,NA,NA,NA,"1","1","1","1",NA,NA,NA,NA,NA,"1",NA,NA,NA,NA,NA,NA,NA,NA,NA,"1",NA,"1",NA
"Mormopterus_beccarii",NA,"1",NA,NA,"1","1",NA,NA,"1","1",NA,"1",NA,NA,"1",NA,NA,"1","1","1","1",NA,NA,"1","1",NA,NA,"1",NA,NA,"1",NA,NA,"1",NA,"1",NA,"1",NA,NA,NA,NA,NA,"1","1",NA,NA,"1","1",NA,"1","1",NA,"1","1","1",NA,NA,"1","1","1",NA,NA,NA,NA,"1",NA,NA,"1",NA,NA,NA,NA,NA,"1",NA,NA,NA,NA,NA,"1",NA,NA,"1",NA
"Mus_musculus","1","1","1","1","1","1","1","1","1","1",NA,NA,"1","1",NA,"1","1",NA,"1","1","1",NA,"1","1","1","1","1","1","1","1","1","1","1","1","1","1",NA,"1","1","1","1","1","1","1","1","1","1","1","1","1","1","1","1","1","1","1","1","1","1","1","1","1","1","1","1","1","1","1","1","1","1","1","1","1",NA,"1","1","1","1","1","1","1","1","1","1"
"Myotis_macropus","1","1","1",NA,"1",NA,NA,NA,NA,NA,NA,"1",NA,NA,NA,NA,NA,"1","1","1",NA,NA,NA,NA,NA,NA,NA,NA,NA,NA,NA,NA,NA,"1",NA,NA,"1",NA,NA,NA,NA,NA,NA,NA,NA,NA,"1",NA,"1",NA,NA,"1","1","1","1",NA,"1",NA,NA,"1",NA,"1","1","1","1","1",NA,NA,NA,"1",NA,"1",NA,NA,"1",NA,NA,NA,NA,NA,"1","1",NA,"1",NA
"Ningaui_ridei",NA,NA,NA,NA,NA,NA,NA,NA,"1","1",NA,NA,"1","1",NA,"1",NA,NA,NA,NA,NA,NA,NA,NA,NA,NA,NA,"1",NA,NA,"1",NA,NA,NA,"1","1",NA,NA,"1",NA,NA,NA,NA,"1","1",NA,NA,NA,NA,NA,"1",NA,NA,NA,NA,NA,NA,"1",NA,"1","1",NA,NA,NA,NA,NA,"1","1","1",NA,NA,NA,"1",NA,NA,NA,NA,NA,NA,NA,NA,NA,NA,NA,"1"
"Ningaui_yvonneae",NA,NA,NA,NA,NA,NA,NA,NA,NA,NA,NA,NA,NA,NA,NA,"1","1",NA,NA,NA,NA,NA,NA,NA,NA,NA,"1",NA,NA,NA,NA,"1",NA,NA,NA,NA,NA,NA,"1",NA,NA,NA,NA,NA,NA,"1","1",NA,NA,NA,"1",NA,NA,NA,NA,NA,NA,"1",NA,NA,NA,"1",NA,NA,NA,NA,NA,NA,NA,NA,NA,NA,NA,NA,NA,NA,NA,NA,NA,NA,NA,NA,NA,NA,NA
"Notomys_alexis",NA,NA,NA,"1","1",NA,NA,NA,"1","1",NA,NA,"1","1",NA,"1",NA,NA,NA,NA,NA,NA,"1",NA,NA,NA,NA,"1",NA,NA,"1","1","1",NA,"1","1","1",NA,"1",NA,NA,NA,NA,"1","1","1",NA,"1",NA,NA,"1",NA,NA,NA,NA,NA,NA,"1","1",NA,"1",NA,NA,NA,NA,NA,"1","1","1",NA,NA,NA,"1",NA,NA,NA,NA,NA,NA,NA,NA,NA,NA,NA,"1"
"Notomys_amplus",NA,NA,NA,NA,NA,NA,NA,NA,NA,NA,NA,NA,NA,NA,NA,NA,NA,NA,NA,NA,NA,NA,NA,NA,NA,NA,NA,"1","1",NA,NA,"1",NA,NA,NA,"1",NA,NA,NA,NA,NA,NA,NA,NA,"1",NA,NA,NA,NA,NA,NA,NA,NA,NA,NA,NA,NA,NA,NA,NA,NA,NA,NA,NA,NA,NA,"1","1",NA,NA,NA,NA,"1",NA,NA,NA,NA,NA,NA,NA,NA,NA,NA,NA,NA
"Notomys_aquilo","1","1",NA,NA,NA,NA,NA,NA,NA,NA,NA,NA,NA,NA,NA,NA,NA,NA,NA,NA,NA,NA,NA,NA,NA,NA,NA,NA,NA,NA,NA,NA,NA,NA,NA,NA,"1",NA,NA,NA,NA,NA,NA,NA,NA,NA,NA,NA,NA,NA,NA,NA,NA,NA,NA,NA,NA,NA,NA,NA,NA,NA,NA,NA,NA,NA,NA,NA,NA,NA,NA,NA,NA,NA,NA,NA,NA,NA,NA,NA,NA,NA,NA,NA,NA
"Notomys_cervinus",NA,NA,NA,NA,NA,NA,NA,NA,NA,NA,NA,NA,"1","1",NA,NA,NA,NA,NA,NA,NA,NA,NA,NA,NA,NA,NA,"1",NA,NA,NA,"1",NA,NA,NA,"1",NA,NA,"1",NA,NA,NA,NA,NA,"1",NA,NA,"1",NA,NA,NA,NA,NA,NA,NA,NA,NA,NA,NA,NA,NA,NA,NA,NA,NA,NA,"1","1",NA,NA,NA,NA,NA,NA,NA,NA,NA,NA,NA,NA,NA,NA,NA,NA,NA
"Notomys_fuscus",NA,NA,NA,NA,NA,NA,NA,"1",NA,NA,NA,NA,NA,"1",NA,NA,NA,NA,NA,NA,NA,NA,NA,NA,NA,NA,NA,NA,"1",NA,NA,"1",NA,NA,NA,NA,NA,NA,NA,NA,NA,NA,NA,NA,"1",NA,NA,"1",NA,NA,NA,NA,NA,NA,NA,NA,NA,NA,NA,NA,NA,NA,NA,NA,NA,NA,"1","1",NA,NA,NA,NA,NA,NA,NA,NA,NA,NA,NA,NA,NA,NA,NA,NA,NA
"Notomys_mitchellii",NA,NA,NA,"1",NA,NA,NA,NA,NA,NA,NA,NA,NA,NA,NA,"1",NA,NA,NA,NA,NA,NA,NA,"1",NA,"1","1",NA,"1",NA,NA,"1",NA,NA,NA,NA,NA,NA,"1","1",NA,NA,NA,NA,NA,"1","1",NA,NA,NA,"1",NA,NA,NA,NA,NA,NA,"1",NA,NA,NA,NA,NA,NA,NA,NA,NA,NA,NA,NA,NA,NA,NA,NA,NA,NA,NA,NA,NA,NA,NA,NA,NA,NA,NA
"Notoryctes_typhlops",NA,NA,NA,NA,NA,NA,NA,NA,"1",NA,NA,NA,"1",NA,NA,NA,NA,NA,NA,NA,NA,NA,NA,NA,NA,NA,NA,"1",NA,NA,NA,"1",NA,NA,"1","1",NA,NA,"1",NA,NA,NA,NA,NA,"1",NA,NA,NA,NA,NA,NA,NA,NA,NA,NA,NA,NA,"1",NA,NA,NA,NA,NA,NA,NA,NA,"1","1","1",NA,NA,NA,"1",NA,NA,NA,NA,NA,NA,NA,NA,NA,NA,NA,NA
"Nyctimene_robinsoni",NA,NA,NA,NA,NA,NA,NA,NA,NA,NA,NA,NA,NA,NA,"1",NA,NA,"1",NA,NA,NA,NA,NA,NA,"1",NA,NA,NA,NA,NA,NA,NA,NA,NA,NA,NA,NA,NA,NA,NA,NA,NA,NA,NA,NA,NA,NA,NA,NA,NA,NA,NA,NA,NA,NA,NA,NA,NA,NA,NA,NA,NA,NA,NA,NA,"1",NA,NA,NA,NA,NA,NA,NA,NA,NA,NA,NA,NA,NA,NA,NA,NA,NA,"1",NA
"Nyctophilus_arnhemensis","1","1",NA,NA,NA,NA,NA,NA,NA,NA,"1","1",NA,NA,NA,NA,NA,NA,"1","1","1",NA,NA,NA,NA,NA,NA,NA,NA,NA,NA,NA,NA,"1",NA,NA,"1","1",NA,NA,NA,NA,NA,NA,NA,NA,NA,NA,"1",NA,NA,NA,NA,NA,NA,"1",NA,NA,"1","1","1",NA,NA,NA,NA,NA,NA,NA,"1",NA,NA,NA,NA,NA,"1",NA,NA,NA,NA,NA,"1",NA,NA,NA,NA
"Nyctophilus_bifax",NA,NA,NA,NA,NA,"1",NA,NA,NA,NA,NA,NA,NA,NA,"1",NA,NA,"1",NA,NA,NA,NA,NA,NA,"1",NA,NA,NA,NA,NA,NA,NA,NA,NA,NA,NA,NA,"1",NA,NA,NA,NA,NA,NA,NA,NA,NA,NA,"1",NA,NA,NA,NA,NA,"1",NA,NA,NA,NA,NA,NA,NA,NA,NA,NA,"1",NA,NA,NA,NA,NA,NA,NA,NA,NA,NA,NA,NA,NA,NA,NA,NA,NA,"1",NA
"Nyctophilus_geoffroyi",NA,"1","1","1",NA,"1","1","1","1","1",NA,"1","1","1",NA,"1","1","1","1","1","1",NA,"1","1","1","1","1","1","1","1","1","1","1","1","1","1","1","1","1","1","1","1","1","1","1","1","1","1","1","1","1","1","1","1","1","1","1","1","1","1","1","1","1","1","1","1","1","1","1","1","1","1","1","1",NA,"1","1","1","1","1","1","1","1",NA,"1"
"Nyctophilus_gouldi",NA,NA,"1","1","1","1",NA,NA,NA,NA,NA,NA,NA,NA,NA,NA,"1",NA,NA,NA,NA,NA,NA,"1","1",NA,NA,NA,NA,NA,NA,NA,NA,NA,NA,NA,NA,NA,NA,NA,"1","1",NA,NA,NA,NA,"1",NA,NA,NA,NA,"1","1","1","1",NA,"1",NA,NA,NA,NA,"1","1","1","1","1",NA,NA,NA,"1","1","1",NA,NA,NA,NA,NA,NA,NA,NA,NA,"1","1","1",NA
"Nyctophilus_major",NA,NA,NA,NA,NA,NA,NA,NA,NA,NA,NA,NA,NA,NA,NA,"1",NA,NA,NA,NA,NA,NA,NA,NA,NA,NA,NA,NA,NA,NA,NA,NA,NA,NA,NA,NA,NA,NA,NA,NA,NA,NA,NA,NA,NA,NA,NA,NA,NA,NA,"1",NA,NA,NA,NA,NA,NA,NA,NA,NA,NA,NA,NA,NA,NA,NA,NA,NA,NA,NA,NA,NA,NA,NA,NA,NA,NA,NA,NA,NA,NA,NA,NA,NA,NA
"Nyctophilus_sherrini",NA,NA,NA,NA,NA,NA,NA,NA,NA,NA,NA,NA,NA,NA,NA,NA,NA,NA,NA,NA,NA,NA,NA,NA,NA,NA,NA,NA,NA,NA,NA,NA,NA,NA,NA,NA,NA,NA,NA,NA,NA,NA,"1",NA,NA,NA,NA,NA,NA,NA,NA,NA,NA,NA,NA,NA,NA,NA,NA,NA,NA,NA,NA,NA,NA,NA,NA,NA,NA,NA,NA,NA,NA,NA,NA,NA,NA,"1",NA,NA,NA,NA,NA,NA,NA
"Nyctophilus_timoriensis",NA,NA,"1","1",NA,"1","1","1",NA,NA,NA,NA,NA,NA,NA,NA,"1",NA,NA,NA,NA,NA,NA,"1",NA,NA,"1",NA,"1",NA,NA,"1",NA,NA,NA,NA,NA,NA,"1","1","1",NA,NA,NA,NA,NA,"1",NA,NA,"1",NA,"1",NA,"1","1",NA,"1","1",NA,NA,NA,"1",NA,NA,"1",NA,"1",NA,NA,NA,NA,"1",NA,NA,NA,NA,"1","1",NA,NA,NA,NA,NA,NA,NA
"Nyctophilus_walkeri","1","1",NA,NA,NA,NA,NA,NA,NA,NA,NA,NA,NA,NA,NA,NA,NA,NA,"1","1",NA,NA,NA,NA,NA,NA,NA,NA,NA,NA,NA,NA,NA,"1",NA,NA,"1",NA,NA,NA,NA,NA,NA,NA,NA,NA,NA,NA,NA,NA,NA,NA,NA,NA,NA,"1",NA,NA,"1","1",NA,NA,NA,NA,NA,NA,NA,NA,"1",NA,NA,NA,NA,NA,NA,NA,NA,NA,NA,NA,"1",NA,NA,NA,NA
"Onychogalea_fraenata",NA,NA,NA,NA,"1","1",NA,NA,NA,NA,NA,NA,NA,NA,NA,NA,"1",NA,NA,NA,NA,NA,NA,NA,NA,NA,NA,NA,NA,NA,NA,NA,NA,NA,NA,NA,NA,NA,NA,NA,NA,NA,NA,NA,NA,NA,"1",NA,NA,NA,NA,"1",NA,"1",NA,NA,"1",NA,NA,NA,NA,"1",NA,NA,NA,NA,NA,NA,NA,NA,NA,NA,NA,NA,NA,NA,NA,NA,NA,NA,NA,NA,NA,NA,NA
"Onychogalea_lunata",NA,NA,NA,NA,NA,NA,NA,NA,"1",NA,NA,NA,"1","1",NA,NA,NA,NA,NA,NA,NA,NA,"1",NA,NA,NA,NA,"1",NA,NA,NA,NA,NA,NA,NA,"1",NA,NA,"1",NA,NA,NA,NA,"1","1",NA,NA,NA,NA,NA,NA,NA,NA,NA,NA,NA,NA,NA,NA,NA,NA,NA,NA,NA,NA,NA,NA,NA,NA,NA,NA,NA,"1",NA,NA,NA,NA,NA,NA,NA,NA,NA,NA,NA,NA
"Onychogalea_unguifera","1",NA,NA,NA,NA,NA,NA,NA,"1",NA,NA,"1",NA,NA,NA,NA,NA,"1","1","1","1",NA,"1",NA,NA,NA,NA,NA,NA,NA,NA,NA,NA,"1",NA,NA,"1","1",NA,NA,NA,NA,NA,NA,NA,NA,NA,"1","1",NA,NA,NA,NA,NA,NA,"1",NA,NA,"1","1",NA,NA,NA,NA,NA,NA,NA,NA,"1",NA,NA,NA,"1",NA,NA,NA,NA,NA,NA,NA,"1",NA,NA,NA,NA
"Ornithorhynchus_anatinus",NA,NA,"1",NA,NA,"1","1",NA,NA,NA,NA,NA,NA,NA,"1",NA,NA,NA,NA,NA,NA,NA,NA,"1","1",NA,NA,NA,NA,"1",NA,NA,NA,NA,NA,NA,NA,NA,NA,NA,NA,"1","1",NA,NA,NA,"1",NA,NA,NA,NA,"1",NA,"1","1",NA,"1",NA,NA,NA,NA,"1","1","1","1","1",NA,NA,NA,"1",NA,"1",NA,"1",NA,"1","1","1","1","1",NA,"1",NA,"1",NA
"Perameles_gunnii",NA,NA,NA,NA,NA,NA,"1",NA,NA,NA,NA,NA,NA,NA,NA,NA,NA,NA,NA,NA,NA,NA,NA,NA,NA,NA,NA,NA,NA,"1",NA,NA,NA,NA,NA,NA,NA,NA,NA,NA,NA,NA,"1",NA,NA,NA,NA,NA,NA,NA,NA,NA,NA,NA,NA,NA,NA,NA,NA,NA,NA,NA,"1",NA,"1",NA,NA,NA,NA,"1",NA,NA,NA,"1",NA,"1","1","1","1",NA,NA,"1",NA,NA,NA
"Perameles_nasuta",NA,NA,"1",NA,"1","1",NA,NA,NA,NA,NA,NA,NA,NA,"1",NA,NA,"1",NA,NA,NA,NA,NA,"1","1",NA,NA,NA,NA,"1",NA,NA,NA,NA,NA,NA,NA,NA,NA,NA,NA,NA,NA,NA,NA,NA,NA,NA,NA,NA,NA,"1",NA,"1","1",NA,"1",NA,NA,NA,NA,"1","1","1","1","1",NA,NA,NA,"1",NA,"1",NA,NA,NA,"1",NA,"1",NA,NA,NA,"1",NA,"1",NA
"Petauroides_volans",NA,NA,"1",NA,"1","1",NA,NA,NA,NA,NA,NA,NA,NA,"1",NA,NA,NA,NA,NA,NA,NA,NA,NA,"1",NA,NA,NA,NA,NA,NA,NA,NA,NA,NA,NA,NA,NA,NA,NA,NA,NA,NA,NA,NA,NA,NA,NA,NA,NA,NA,"1",NA,"1","1",NA,"1",NA,NA,NA,NA,"1","1","1","1","1",NA,NA,NA,"1",NA,"1",NA,NA,NA,NA,NA,NA,NA,NA,NA,"1",NA,"1",NA
"Petaurus_australis",NA,NA,"1",NA,"1",NA,NA,NA,NA,NA,NA,NA,NA,NA,NA,NA,"1",NA,NA,NA,NA,NA,NA,NA,NA,NA,NA,NA,NA,NA,NA,NA,NA,NA,NA,NA,NA,NA,NA,NA,NA,NA,NA,NA,NA,NA,NA,NA,NA,"1",NA,"1","1","1","1",NA,"1",NA,NA,NA,NA,"1","1","1","1","1",NA,NA,NA,"1",NA,"1",NA,NA,NA,NA,NA,NA,NA,NA,NA,NA,NA,"1",NA
"Petaurus_breviceps","1","1","1",NA,"1","1","1",NA,NA,NA,NA,"1",NA,NA,"1",NA,"1","1","1","1","1",NA,NA,"1","1",NA,"1",NA,"1","1",NA,NA,NA,"1",NA,NA,"1",NA,NA,NA,NA,NA,"1",NA,NA,NA,"1",NA,NA,NA,NA,"1","1","1","1","1","1",NA,NA,"1",NA,"1","1","1","1","1",NA,NA,"1","1",NA,"1",NA,"1","1","1","1","1","1","1","1","1",NA,"1",NA
"Petaurus_norfolcensis",NA,NA,NA,NA,"1","1",NA,NA,NA,NA,NA,NA,NA,NA,"1",NA,NA,NA,NA,NA,NA,NA,NA,"1",NA,NA,NA,NA,NA,NA,NA,NA,NA,NA,NA,NA,NA,NA,NA,NA,NA,NA,NA,NA,NA,NA,"1",NA,NA,"1",NA,"1","1","1","1",NA,"1",NA,NA,NA,NA,"1","1","1","1","1",NA,NA,NA,NA,NA,"1",NA,NA,NA,NA,NA,NA,NA,NA,NA,"1",NA,"1",NA
"Petrogale_brachyotis","1","1",NA,NA,NA,NA,NA,NA,NA,NA,"1","1",NA,NA,NA,NA,NA,NA,"1","1","1",NA,NA,NA,NA,NA,NA,NA,NA,NA,NA,NA,NA,"1",NA,NA,"1","1",NA,NA,NA,NA,NA,NA,NA,NA,NA,NA,NA,NA,NA,NA,NA,NA,NA,"1",NA,NA,"1","1",NA,NA,NA,NA,NA,NA,NA,NA,"1",NA,NA,NA,NA,NA,NA,NA,NA,NA,NA,NA,"1",NA,NA,NA,NA
"Petrogale_coenensis",NA,NA,NA,NA,NA,NA,NA,NA,NA,NA,NA,NA,NA,NA,NA,NA,NA,"1",NA,NA,NA,NA,NA,NA,NA,NA,NA,NA,NA,NA,NA,NA,NA,NA,NA,NA,NA,NA,NA,NA,NA,NA,NA,NA,NA,NA,NA,NA,NA,NA,NA,NA,NA,NA,NA,NA,NA,NA,NA,NA,NA,NA,NA,NA,NA,NA,NA,NA,NA,NA,NA,NA,NA,NA,NA,NA,NA,NA,NA,NA,NA,NA,NA,NA,NA
"Petrogale_concinna","1","1",NA,NA,NA,NA,NA,NA,NA,NA,NA,NA,NA,NA,NA,NA,NA,NA,"1","1",NA,NA,NA,NA,NA,NA,NA,NA,NA,NA,NA,NA,NA,NA,NA,NA,NA,NA,NA,NA,NA,NA,NA,NA,NA,NA,NA,NA,NA,NA,NA,NA,NA,NA,NA,"1",NA,NA,"1","1",NA,NA,NA,NA,NA,NA,NA,NA,NA,NA,NA,NA,NA,NA,NA,NA,NA,NA,NA,NA,NA,NA,NA,NA,NA
"Petrogale_godmani",NA,NA,NA,NA,NA,NA,NA,NA,NA,NA,NA,NA,NA,NA,NA,NA,NA,"1",NA,NA,NA,NA,NA,NA,NA,NA,NA,NA,NA,NA,NA,NA,NA,NA,NA,NA,NA,NA,NA,NA,NA,NA,NA,NA,NA,NA,NA,NA,NA,NA,NA,NA,NA,NA,NA,NA,NA,NA,NA,NA,NA,NA,NA,NA,NA,NA,NA,NA,NA,NA,NA,NA,NA,NA,NA,NA,NA,NA,NA,NA,NA,NA,NA,NA,NA
"Petrogale_herberti",NA,NA,NA,NA,"1","1",NA,NA,NA,NA,NA,NA,NA,NA,NA,NA,NA,NA,NA,NA,NA,NA,NA,NA,NA,NA,NA,NA,NA,NA,NA,NA,NA,NA,NA,NA,NA,NA,NA,NA,NA,NA,NA,NA,NA,NA,NA,NA,NA,NA,NA,NA,NA,NA,NA,NA,NA,NA,NA,NA,NA,NA,NA,NA,NA,"1",NA,NA,NA,NA,NA,NA,NA,NA,NA,NA,NA,NA,NA,NA,NA,NA,NA,NA,NA
"Petrogale_inornata",NA,NA,NA,NA,"1",NA,NA,NA,NA,NA,NA,NA,NA,NA,"1",NA,NA,NA,NA,NA,NA,NA,NA,NA,"1",NA,NA,NA,NA,NA,NA,NA,NA,NA,NA,NA,NA,NA,NA,NA,NA,NA,NA,NA,NA,NA,NA,NA,NA,NA,NA,NA,NA,NA,NA,NA,NA,NA,NA,NA,NA,NA,NA,NA,NA,NA,NA,NA,NA,NA,NA,NA,NA,NA,NA,NA,NA,NA,NA,NA,NA,NA,NA,NA,NA
"Petrogale_lateralis",NA,NA,NA,"1",NA,NA,NA,NA,"1","1",NA,NA,"1",NA,NA,NA,NA,NA,NA,NA,"1",NA,"1",NA,NA,"1",NA,"1",NA,NA,"1",NA,NA,NA,"1","1",NA,NA,"1",NA,NA,NA,NA,"1","1",NA,NA,NA,"1",NA,NA,NA,NA,NA,NA,NA,NA,NA,NA,NA,"1",NA,NA,NA,NA,NA,"1","1",NA,NA,NA,NA,"1",NA,NA,NA,NA,NA,NA,NA,NA,NA,NA,NA,NA
"Petrogale_mareeba",NA,NA,NA,NA,NA,NA,NA,NA,NA,NA,NA,NA,NA,NA,NA,NA,NA,NA,NA,NA,NA,NA,NA,NA,"1",NA,NA,NA,NA,NA,NA,NA,NA,NA,NA,NA,NA,"1",NA,NA,NA,NA,NA,NA,NA,NA,NA,NA,NA,NA,NA,NA,NA,NA,NA,NA,NA,NA,NA,NA,NA,NA,NA,NA,NA,NA,NA,NA,NA,NA,NA,NA,NA,NA,NA,NA,NA,NA,NA,NA,NA,NA,NA,"1",NA
"Petrogale_penicillata",NA,NA,"1",NA,NA,"1",NA,NA,NA,NA,NA,NA,NA,NA,NA,NA,"1",NA,NA,NA,NA,NA,NA,"1",NA,NA,NA,NA,NA,NA,NA,NA,NA,NA,NA,NA,NA,NA,NA,NA,NA,NA,NA,NA,NA,NA,"1",NA,NA,NA,NA,"1",NA,"1","1",NA,"1",NA,NA,NA,NA,"1",NA,"1","1","1",NA,NA,NA,NA,NA,"1",NA,NA,NA,NA,NA,NA,NA,NA,NA,"1",NA,NA,NA
"Petrogale_persephone",NA,NA,NA,NA,NA,NA,NA,NA,NA,NA,NA,NA,NA,NA,"1",NA,NA,NA,NA,NA,NA,NA,NA,NA,NA,NA,NA,NA,NA,NA,NA,NA,NA,NA,NA,NA,NA,NA,NA,NA,NA,NA,NA,NA,NA,NA,NA,NA,NA,NA,NA,NA,NA,NA,NA,NA,NA,NA,NA,NA,NA,NA,NA,NA,NA,NA,NA,NA,NA,NA,NA,NA,NA,NA,NA,NA,NA,NA,NA,NA,NA,NA,NA,NA,NA
"Petrogale_purpureicollis",NA,NA,NA,NA,NA,NA,NA,NA,NA,NA,NA,NA,NA,NA,NA,NA,NA,NA,NA,NA,NA,NA,NA,NA,NA,NA,NA,NA,NA,NA,NA,NA,NA,NA,NA,NA,NA,"1",NA,NA,NA,NA,NA,NA,NA,NA,NA,"1","1",NA,NA,NA,NA,NA,NA,NA,NA,NA,NA,NA,NA,NA,NA,NA,NA,NA,NA,NA,NA,NA,NA,NA,NA,NA,NA,NA,NA,NA,NA,NA,NA,NA,NA,NA,NA
"Petrogale_rothschildi",NA,NA,NA,NA,NA,NA,NA,NA,NA,NA,NA,NA,NA,NA,NA,NA,NA,NA,NA,NA,NA,NA,NA,NA,NA,NA,NA,NA,NA,NA,"1",NA,NA,NA,NA,NA,NA,NA,NA,NA,NA,NA,NA,NA,NA,NA,NA,NA,NA,NA,NA,NA,NA,NA,NA,NA,NA,NA,NA,NA,"1",NA,NA,NA,NA,NA,NA,NA,NA,NA,NA,NA,NA,NA,NA,NA,NA,NA,NA,NA,NA,NA,NA,NA,NA
"Petrogale_sharmani",NA,NA,NA,NA,NA,NA,NA,NA,NA,NA,NA,NA,NA,NA,NA,NA,NA,NA,NA,NA,NA,NA,NA,NA,"1",NA,NA,NA,NA,NA,NA,NA,NA,NA,NA,NA,NA,NA,NA,NA,NA,NA,NA,NA,NA,NA,NA,NA,NA,NA,NA,NA,NA,NA,NA,NA,NA,NA,NA,NA,NA,NA,NA,NA,NA,NA,NA,NA,NA,NA,NA,NA,NA,NA,NA,NA,NA,NA,NA,NA,NA,NA,NA,"1",NA
"Petrogale_xanthopus",NA,NA,NA,NA,NA,NA,NA,"1",NA,NA,NA,NA,NA,NA,NA,NA,NA,NA,NA,NA,NA,NA,NA,NA,NA,NA,"1",NA,"1",NA,NA,"1",NA,NA,NA,NA,NA,NA,NA,NA,NA,NA,NA,NA,NA,NA,NA,NA,NA,"1",NA,NA,NA,NA,NA,NA,NA,NA,NA,NA,NA,NA,NA,NA,NA,NA,NA,"1",NA,NA,NA,NA,NA,NA,NA,NA,NA,NA,NA,NA,NA,NA,NA,NA,NA
"Petropseudes_dahli","1","1",NA,NA,NA,NA,NA,NA,NA,NA,NA,"1",NA,NA,NA,NA,NA,NA,"1","1","1",NA,NA,NA,NA,NA,NA,NA,NA,NA,NA,NA,NA,"1",NA,NA,"1","1",NA,NA,NA,NA,NA,NA,NA,NA,NA,NA,NA,NA,NA,NA,NA,NA,NA,"1",NA,NA,NA,"1",NA,NA,NA,NA,NA,NA,NA,NA,NA,NA,NA,NA,NA,NA,NA,NA,NA,NA,NA,NA,"1",NA,NA,NA,NA
"Phascogale_calura",NA,NA,NA,"1",NA,NA,NA,NA,NA,NA,NA,NA,NA,NA,NA,NA,NA,NA,NA,NA,NA,NA,NA,NA,NA,"1",NA,NA,NA,NA,NA,NA,NA,NA,NA,"1",NA,NA,NA,NA,"1",NA,NA,NA,NA,"1",NA,NA,NA,NA,NA,NA,NA,NA,NA,NA,NA,NA,NA,NA,NA,NA,NA,NA,NA,NA,NA,NA,NA,NA,NA,NA,NA,NA,NA,NA,NA,NA,NA,NA,NA,NA,NA,NA,NA
"Phascogale_pirata",NA,"1",NA,NA,NA,NA,NA,NA,NA,NA,NA,NA,NA,NA,NA,NA,NA,NA,"1","1",NA,NA,NA,NA,NA,NA,NA,NA,NA,NA,NA,NA,NA,NA,NA,NA,"1",NA,NA,NA,NA,NA,NA,NA,NA,NA,NA,NA,NA,NA,NA,NA,NA,NA,NA,NA,NA,NA,NA,"1",NA,NA,NA,NA,NA,NA,NA,NA,NA,NA,NA,NA,NA,NA,"1",NA,NA,NA,NA,NA,NA,NA,NA,NA,NA
"Phascogale_tapoatafa",NA,"1","1",NA,"1","1",NA,NA,NA,NA,NA,NA,NA,NA,"1",NA,"1","1","1","1",NA,NA,"1","1",NA,NA,"1",NA,"1",NA,NA,NA,NA,NA,NA,NA,"1",NA,NA,NA,"1",NA,NA,NA,NA,NA,"1",NA,NA,NA,NA,NA,"1","1","1",NA,"1",NA,NA,"1",NA,"1","1","1","1","1",NA,NA,NA,"1","1","1",NA,NA,NA,NA,NA,NA,NA,NA,NA,"1",NA,"1",NA
"Phascolarctos_cinereus",NA,NA,"1",NA,"1","1",NA,NA,NA,NA,NA,NA,NA,NA,NA,NA,"1",NA,NA,NA,NA,"1",NA,"1",NA,NA,"1",NA,"1","1",NA,NA,NA,NA,NA,NA,NA,NA,NA,NA,NA,"1",NA,NA,NA,NA,"1",NA,NA,"1",NA,"1","1","1","1",NA,"1",NA,NA,NA,NA,"1","1","1","1","1",NA,NA,NA,"1",NA,"1",NA,NA,NA,NA,NA,NA,NA,NA,NA,"1",NA,"1",NA
"Pipistrellus_adamsi","1","1",NA,NA,NA,NA,NA,NA,NA,NA,"1",NA,NA,NA,NA,NA,NA,"1","1","1",NA,NA,NA,NA,NA,NA,NA,NA,NA,NA,NA,NA,NA,NA,NA,NA,"1",NA,NA,NA,NA,NA,NA,NA,NA,NA,NA,NA,NA,NA,NA,NA,NA,NA,NA,NA,NA,NA,NA,"1",NA,NA,NA,NA,NA,NA,NA,NA,NA,NA,NA,NA,NA,NA,"1",NA,NA,NA,NA,NA,"1",NA,NA,NA,NA
"Pipistrellus_westralis",NA,NA,NA,NA,NA,NA,NA,NA,NA,NA,NA,NA,NA,NA,NA,NA,NA,NA,"1","1","1",NA,NA,NA,NA,NA,NA,NA,NA,NA,NA,NA,NA,NA,NA,NA,"1","1",NA,NA,NA,NA,NA,NA,NA,NA,NA,NA,NA,NA,NA,NA,NA,NA,NA,"1",NA,NA,NA,"1",NA,NA,NA,NA,NA,NA,NA,NA,NA,NA,NA,NA,NA,NA,"1",NA,NA,NA,NA,NA,NA,NA,NA,NA,NA
"Planigale_gilesi",NA,NA,NA,NA,NA,"1",NA,"1",NA,NA,NA,NA,NA,"1",NA,NA,"1",NA,NA,NA,NA,NA,NA,"1",NA,NA,NA,NA,"1",NA,NA,"1",NA,NA,NA,NA,NA,NA,"1",NA,NA,NA,NA,NA,NA,NA,"1",NA,NA,"1",NA,NA,NA,NA,NA,NA,NA,NA,NA,NA,NA,NA,NA,NA,NA,NA,"1","1",NA,NA,NA,NA,NA,NA,NA,NA,NA,NA,NA,NA,NA,NA,NA,NA,NA
"Planigale_ingrami",NA,NA,NA,NA,"1",NA,NA,NA,"1",NA,NA,"1",NA,"1",NA,NA,NA,"1","1","1","1",NA,"1",NA,NA,NA,NA,NA,NA,NA,NA,NA,NA,"1",NA,NA,"1","1",NA,NA,NA,NA,NA,NA,NA,NA,NA,"1","1",NA,NA,NA,NA,NA,NA,"1",NA,NA,"1","1",NA,NA,NA,NA,NA,NA,"1",NA,"1",NA,NA,NA,"1",NA,NA,NA,NA,NA,NA,NA,"1",NA,NA,NA,NA
"Planigale_maculata","1","1",NA,NA,"1","1",NA,NA,NA,NA,NA,"1",NA,NA,"1",NA,NA,"1","1","1","1",NA,NA,NA,NA,NA,NA,NA,NA,NA,NA,NA,NA,"1",NA,"1","1","1",NA,NA,NA,NA,NA,NA,NA,NA,NA,NA,"1",NA,NA,NA,NA,NA,"1","1",NA,NA,"1","1",NA,NA,NA,NA,NA,"1",NA,NA,"1",NA,NA,"1",NA,NA,NA,NA,NA,NA,NA,NA,"1",NA,NA,"1",NA
"Planigale_tenuirostris",NA,NA,NA,NA,NA,"1",NA,"1",NA,NA,NA,NA,NA,"1",NA,NA,"1",NA,NA,NA,NA,"1",NA,"1",NA,NA,"1",NA,"1",NA,NA,"1",NA,NA,NA,NA,NA,NA,"1",NA,NA,NA,NA,NA,NA,NA,"1","1",NA,"1",NA,"1",NA,NA,"1",NA,"1",NA,NA,NA,NA,"1",NA,NA,NA,NA,"1","1",NA,NA,NA,"1",NA,NA,NA,NA,NA,NA,NA,NA,NA,NA,NA,NA,NA
"Potorous_longipes",NA,NA,NA,NA,NA,NA,NA,NA,NA,NA,NA,NA,NA,NA,NA,NA,NA,NA,NA,NA,NA,NA,NA,NA,NA,NA,NA,NA,NA,NA,NA,NA,NA,NA,NA,NA,NA,NA,NA,NA,NA,NA,NA,NA,NA,NA,NA,NA,NA,NA,NA,NA,NA,NA,NA,NA,NA,NA,NA,NA,NA,NA,"1","1",NA,NA,NA,NA,NA,NA,NA,NA,NA,NA,NA,NA,NA,NA,NA,NA,NA,NA,NA,NA,NA
"Potorous_tridactylus",NA,NA,NA,NA,NA,NA,"1",NA,NA,NA,NA,NA,NA,NA,NA,NA,NA,NA,NA,NA,NA,NA,NA,NA,NA,NA,NA,NA,NA,"1",NA,NA,NA,NA,NA,NA,NA,NA,NA,NA,NA,NA,"1",NA,NA,NA,"1",NA,NA,NA,NA,NA,"1","1","1",NA,NA,NA,NA,NA,NA,NA,"1","1","1","1",NA,NA,NA,"1",NA,"1",NA,"1",NA,"1","1","1","1","1",NA,"1",NA,NA,NA
"Pseudantechinus_bilarni","1","1",NA,NA,NA,NA,NA,NA,NA,NA,NA,NA,NA,NA,NA,NA,NA,NA,"1","1",NA,NA,NA,NA,NA,NA,NA,NA,NA,NA,NA,NA,NA,"1",NA,NA,"1",NA,NA,NA,NA,NA,NA,NA,NA,NA,NA,NA,NA,NA,NA,NA,NA,NA,NA,NA,NA,NA,NA,"1",NA,NA,NA,NA,NA,NA,NA,NA,NA,NA,NA,NA,NA,NA,NA,NA,NA,NA,NA,NA,"1",NA,NA,NA,NA
"Pseudantechinus_macdonnellensis",NA,NA,NA,NA,NA,NA,NA,NA,"1",NA,NA,NA,"1","1",NA,NA,NA,NA,NA,NA,NA,NA,"1",NA,NA,NA,NA,"1",NA,NA,NA,NA,NA,NA,"1","1",NA,NA,"1",NA,NA,NA,NA,NA,"1",NA,NA,"1",NA,NA,NA,NA,NA,NA,NA,NA,NA,NA,NA,NA,NA,NA,NA,NA,NA,NA,"1","1",NA,NA,NA,NA,"1",NA,NA,NA,NA,NA,NA,NA,NA,NA,NA,NA,NA
"Pseudantechinus_mimulus",NA,NA,NA,NA,NA,NA,NA,NA,NA,NA,NA,NA,NA,NA,NA,NA,NA,NA,NA,NA,NA,NA,NA,NA,NA,NA,NA,NA,NA,NA,NA,NA,NA,NA,NA,NA,"1",NA,NA,NA,NA,NA,NA,NA,NA,NA,NA,NA,NA,NA,NA,NA,NA,NA,NA,NA,NA,NA,NA,NA,NA,NA,NA,NA,NA,NA,NA,NA,"1",NA,NA,NA,NA,NA,NA,NA,NA,NA,NA,NA,NA,NA,NA,NA,NA
"Pseudantechinus_ningbing",NA,NA,NA,NA,NA,NA,NA,NA,NA,NA,NA,"1",NA,NA,NA,NA,NA,NA,NA,NA,"1",NA,NA,NA,NA,NA,NA,NA,NA,NA,NA,NA,NA,"1",NA,NA,NA,NA,NA,NA,NA,NA,NA,NA,NA,NA,NA,NA,NA,NA,NA,NA,NA,NA,NA,"1",NA,NA,"1",NA,NA,NA,NA,NA,NA,NA,NA,NA,NA,NA,NA,NA,NA,NA,NA,NA,NA,NA,NA,NA,"1",NA,NA,NA,NA
"Pseudocheirus_peregrinus",NA,NA,"1",NA,"1","1","1",NA,NA,NA,NA,NA,NA,NA,"1",NA,NA,"1",NA,NA,NA,NA,NA,"1",NA,NA,NA,NA,"1","1",NA,NA,NA,NA,NA,NA,NA,NA,NA,NA,NA,"1","1",NA,NA,NA,"1",NA,NA,NA,NA,"1","1","1","1",NA,"1",NA,NA,NA,NA,"1","1","1","1","1",NA,NA,NA,"1",NA,"1",NA,"1",NA,"1","1","1","1","1",NA,"1",NA,"1",NA
"Pseudochirops_archeri",NA,NA,NA,NA,NA,NA,NA,NA,NA,NA,NA,NA,NA,NA,NA,NA,NA,NA,NA,NA,NA,NA,NA,NA,NA,NA,NA,NA,NA,NA,NA,NA,NA,NA,NA,NA,NA,NA,NA,NA,NA,NA,NA,NA,NA,NA,NA,NA,NA,NA,NA,NA,NA,NA,NA,NA,NA,NA,NA,NA,NA,NA,NA,NA,NA,NA,NA,NA,NA,NA,NA,NA,NA,NA,NA,NA,NA,NA,NA,NA,NA,NA,NA,"1",NA
"Pseudochirulus_herbertensis",NA,NA,NA,NA,NA,NA,NA,NA,NA,NA,NA,NA,NA,NA,NA,NA,NA,NA,NA,NA,NA,NA,NA,NA,NA,NA,NA,NA,NA,NA,NA,NA,NA,NA,NA,NA,NA,NA,NA,NA,NA,NA,NA,NA,NA,NA,NA,NA,NA,NA,NA,NA,NA,NA,NA,NA,NA,NA,NA,NA,NA,NA,NA,NA,NA,NA,NA,NA,NA,NA,NA,NA,NA,NA,NA,NA,NA,NA,NA,NA,NA,NA,NA,"1",NA
"Pseudomys_apodemoides",NA,NA,NA,NA,NA,NA,NA,NA,NA,NA,NA,NA,NA,NA,NA,NA,NA,NA,NA,NA,NA,NA,NA,NA,NA,NA,NA,NA,NA,NA,NA,NA,NA,NA,NA,NA,NA,NA,NA,NA,NA,NA,NA,NA,NA,NA,"1",NA,NA,NA,NA,NA,"1",NA,NA,NA,NA,NA,NA,NA,NA,NA,NA,NA,NA,NA,NA,NA,NA,NA,NA,NA,NA,NA,NA,NA,NA,NA,NA,NA,NA,NA,NA,NA,NA
"Pseudomys_australis",NA,NA,NA,NA,NA,"1",NA,"1",NA,NA,NA,NA,"1",NA,NA,NA,NA,NA,NA,NA,NA,NA,NA,NA,NA,NA,"1","1","1",NA,NA,"1",NA,NA,NA,NA,NA,NA,"1",NA,NA,NA,NA,NA,NA,NA,NA,NA,NA,NA,NA,NA,NA,NA,NA,NA,NA,NA,NA,NA,NA,NA,NA,NA,NA,NA,"1","1",NA,NA,NA,NA,NA,NA,NA,NA,NA,NA,NA,NA,NA,NA,NA,NA,NA
"Pseudomys_bolami",NA,NA,NA,NA,NA,NA,NA,"1",NA,NA,NA,NA,NA,NA,NA,"1",NA,NA,NA,NA,NA,NA,NA,NA,NA,NA,"1",NA,"1",NA,NA,"1",NA,NA,NA,NA,NA,NA,"1",NA,NA,NA,NA,NA,NA,"1","1",NA,NA,NA,"1",NA,NA,NA,NA,NA,NA,"1",NA,NA,NA,"1",NA,NA,NA,NA,"1","1",NA,NA,NA,NA,NA,NA,NA,NA,NA,NA,NA,NA,NA,NA,NA,NA,NA
"Pseudomys_calabyi",NA,"1",NA,NA,NA,NA,NA,NA,NA,NA,NA,NA,NA,NA,NA,NA,NA,NA,"1","1",NA,NA,NA,NA,NA,NA,NA,NA,NA,NA,NA,NA,NA,NA,NA,NA,NA,NA,NA,NA,NA,NA,NA,NA,NA,NA,NA,NA,NA,NA,NA,NA,NA,NA,NA,NA,NA,NA,NA,"1",NA,NA,NA,NA,NA,NA,NA,NA,NA,NA,NA,NA,NA,NA,NA,NA,NA,NA,NA,NA,NA,NA,NA,NA,NA
"Pseudomys_delicatulus","1","1",NA,NA,"1",NA,NA,NA,NA,"1",NA,"1",NA,NA,"1",NA,NA,"1","1","1","1",NA,"1",NA,"1",NA,NA,NA,NA,NA,NA,NA,NA,"1",NA,"1","1","1",NA,NA,NA,NA,NA,NA,NA,NA,NA,NA,NA,NA,NA,NA,NA,NA,NA,"1",NA,NA,"1","1","1",NA,NA,NA,NA,NA,NA,NA,"1",NA,NA,NA,"1",NA,"1",NA,NA,NA,NA,NA,"1",NA,NA,"1",NA
"Pseudomys_desertor",NA,NA,NA,NA,NA,NA,NA,NA,"1",NA,NA,"1","1","1",NA,NA,NA,NA,NA,NA,"1",NA,"1",NA,NA,NA,"1","1","1",NA,"1","1",NA,NA,"1","1",NA,NA,"1",NA,NA,NA,NA,"1","1",NA,NA,"1",NA,NA,"1",NA,NA,NA,NA,NA,NA,NA,"1",NA,"1",NA,NA,NA,NA,NA,"1","1","1",NA,NA,NA,"1",NA,NA,NA,NA,NA,NA,NA,NA,NA,NA,NA,NA
"Pseudomys_fumeus",NA,NA,"1",NA,NA,NA,NA,NA,NA,NA,NA,NA,NA,NA,NA,NA,NA,NA,NA,NA,NA,NA,NA,NA,NA,NA,NA,NA,NA,NA,NA,NA,NA,NA,NA,NA,NA,NA,NA,NA,NA,NA,NA,NA,NA,NA,NA,NA,NA,NA,NA,NA,NA,NA,NA,NA,NA,NA,NA,NA,NA,NA,NA,"1","1",NA,NA,NA,NA,"1",NA,NA,NA,NA,NA,NA,NA,NA,NA,NA,NA,"1",NA,NA,NA
"Pseudomys_fuscus",NA,NA,"1",NA,NA,NA,NA,NA,NA,NA,NA,NA,NA,NA,NA,NA,NA,NA,NA,NA,NA,NA,NA,NA,NA,NA,NA,NA,NA,NA,NA,NA,NA,NA,NA,NA,NA,NA,NA,NA,NA,NA,NA,NA,NA,NA,NA,NA,NA,NA,NA,NA,NA,NA,NA,NA,NA,NA,NA,NA,NA,NA,NA,NA,"1",NA,NA,NA,NA,NA,NA,NA,NA,NA,NA,NA,NA,NA,"1","1",NA,NA,NA,NA,NA
"Pseudomys_gracilicaudatus",NA,NA,NA,NA,"1","1",NA,NA,NA,NA,NA,NA,NA,NA,"1",NA,NA,NA,"1",NA,NA,NA,NA,NA,"1",NA,NA,NA,NA,NA,NA,NA,NA,NA,NA,NA,NA,NA,NA,NA,NA,NA,NA,NA,NA,NA,NA,NA,NA,NA,NA,NA,NA,"1","1",NA,NA,NA,NA,NA,NA,NA,NA,NA,NA,"1",NA,NA,NA,NA,NA,"1",NA,NA,NA,NA,NA,NA,NA,NA,NA,NA,NA,NA,NA
"Pseudomys_hermannsburgensis",NA,NA,NA,"1",NA,NA,NA,"1","1","1",NA,NA,"1","1",NA,"1",NA,NA,NA,NA,"1",NA,"1",NA,NA,NA,"1","1","1",NA,"1","1","1","1","1","1",NA,NA,"1",NA,NA,NA,NA,"1","1",NA,NA,"1",NA,"1","1",NA,NA,NA,NA,NA,NA,"1","1",NA,"1","1",NA,NA,NA,NA,"1","1","1",NA,NA,NA,"1",NA,NA,NA,NA,NA,NA,NA,NA,NA,NA,NA,"1"
"Pseudomys_higginsi",NA,NA,NA,NA,NA,NA,"1",NA,NA,NA,NA,NA,NA,NA,NA,NA,NA,NA,NA,NA,NA,NA,NA,NA,NA,NA,NA,NA,NA,"1",NA,NA,NA,NA,NA,NA,NA,NA,NA,NA,NA,NA,"1",NA,NA,NA,NA,NA,NA,NA,NA,NA,NA,NA,NA,NA,NA,NA,NA,NA,NA,NA,NA,NA,NA,NA,NA,NA,NA,NA,NA,NA,NA,"1",NA,"1","1","1","1","1",NA,NA,NA,NA,NA
"Pseudomys_johnsoni",NA,NA,NA,NA,NA,NA,NA,NA,NA,NA,NA,NA,NA,NA,NA,NA,NA,NA,NA,NA,NA,NA,"1",NA,NA,NA,NA,NA,NA,NA,NA,NA,NA,"1",NA,NA,NA,NA,NA,NA,NA,NA,NA,NA,NA,NA,NA,"1",NA,NA,NA,NA,NA,NA,NA,NA,NA,NA,"1",NA,NA,NA,NA,NA,NA,NA,NA,NA,NA,NA,NA,NA,"1",NA,NA,NA,NA,NA,NA,NA,"1",NA,NA,NA,NA
"Pseudomys_nanus","1","1",NA,NA,NA,NA,NA,NA,NA,NA,"1","1",NA,NA,NA,NA,NA,NA,"1","1","1",NA,"1",NA,NA,NA,NA,NA,NA,NA,NA,NA,NA,"1",NA,"1","1",NA,NA,NA,NA,NA,NA,NA,NA,NA,NA,"1",NA,NA,NA,NA,NA,NA,NA,"1",NA,NA,"1","1",NA,NA,NA,NA,NA,NA,NA,NA,"1",NA,NA,NA,"1",NA,"1",NA,NA,NA,NA,NA,"1",NA,NA,NA,NA
"Pseudomys_novaehollandiae",NA,NA,NA,NA,NA,NA,"1",NA,NA,NA,NA,NA,NA,NA,NA,NA,NA,NA,NA,NA,NA,NA,NA,NA,NA,NA,NA,NA,NA,"1",NA,NA,NA,NA,NA,NA,NA,NA,NA,NA,NA,NA,NA,NA,NA,NA,NA,NA,NA,NA,NA,NA,NA,"1","1",NA,"1",NA,NA,NA,NA,NA,"1",NA,"1","1",NA,NA,NA,NA,NA,"1",NA,NA,NA,"1","1","1",NA,NA,NA,NA,NA,NA,NA
"Pseudomys_occidentalis",NA,NA,NA,"1",NA,NA,NA,NA,NA,NA,NA,NA,NA,NA,NA,NA,NA,NA,NA,NA,NA,NA,NA,NA,NA,"1",NA,NA,NA,NA,NA,NA,NA,NA,NA,NA,NA,NA,NA,NA,"1",NA,NA,NA,NA,"1",NA,NA,NA,NA,NA,NA,NA,NA,NA,NA,NA,NA,NA,NA,NA,NA,NA,NA,NA,NA,NA,NA,NA,NA,NA,NA,NA,NA,NA,NA,NA,NA,NA,NA,NA,NA,NA,NA,NA
"Pseudomys_oralis",NA,NA,NA,NA,NA,"1",NA,NA,NA,NA,NA,NA,NA,NA,NA,NA,NA,NA,NA,NA,NA,NA,NA,NA,NA,NA,NA,NA,NA,NA,NA,NA,NA,NA,NA,NA,NA,NA,NA,NA,NA,NA,NA,NA,NA,NA,NA,NA,NA,NA,NA,NA,NA,"1","1",NA,NA,NA,NA,NA,NA,NA,NA,NA,"1","1",NA,NA,NA,NA,NA,NA,NA,NA,NA,NA,NA,NA,NA,NA,NA,NA,NA,NA,NA
"Pseudomys_pilligaensis",NA,NA,NA,NA,NA,"1",NA,NA,NA,NA,NA,NA,NA,NA,NA,NA,NA,NA,NA,NA,NA,NA,NA,NA,NA,NA,NA,NA,NA,NA,NA,NA,NA,NA,NA,NA,NA,NA,NA,NA,NA,NA,NA,NA,NA,NA,NA,NA,NA,NA,NA,NA,NA,NA,NA,NA,NA,NA,NA,NA,NA,NA,NA,NA,NA,NA,NA,NA,NA,NA,NA,NA,NA,NA,NA,NA,NA,NA,NA,NA,NA,NA,NA,NA,NA
"Pseudomys_shortridgei",NA,NA,NA,NA,NA,NA,NA,NA,NA,NA,NA,NA,NA,NA,NA,NA,NA,NA,NA,NA,NA,NA,NA,NA,NA,"1",NA,NA,NA,NA,NA,NA,NA,NA,NA,NA,NA,NA,NA,NA,NA,"1",NA,NA,NA,"1",NA,NA,NA,NA,NA,NA,"1",NA,NA,NA,NA,NA,NA,NA,NA,NA,NA,NA,NA,NA,NA,NA,NA,"1",NA,NA,NA,NA,NA,NA,NA,NA,NA,NA,NA,"1",NA,NA,NA
"Pteropus_alecto","1","1",NA,NA,"1",NA,NA,NA,NA,NA,"1","1",NA,NA,"1",NA,NA,"1","1","1","1",NA,NA,NA,"1",NA,NA,NA,NA,NA,"1",NA,NA,"1",NA,NA,"1","1",NA,NA,NA,NA,NA,NA,NA,NA,NA,NA,NA,NA,NA,NA,NA,NA,"1","1",NA,NA,"1","1","1",NA,NA,NA,NA,"1",NA,NA,"1",NA,NA,"1","1",NA,"1",NA,NA,NA,NA,NA,"1",NA,NA,"1",NA
"Pteropus_conspicillatus",NA,NA,NA,NA,NA,NA,NA,NA,NA,NA,NA,NA,NA,NA,NA,NA,NA,"1",NA,NA,NA,NA,NA,NA,"1",NA,NA,NA,NA,NA,NA,NA,NA,NA,NA,NA,NA,NA,NA,NA,NA,NA,NA,NA,NA,NA,NA,NA,NA,NA,NA,NA,NA,NA,NA,NA,NA,NA,NA,NA,NA,NA,NA,NA,NA,NA,NA,NA,NA,NA,NA,NA,NA,NA,NA,NA,NA,NA,NA,NA,NA,NA,NA,"1",NA
"Pteropus_poliocephalus",NA,NA,NA,NA,NA,"1",NA,NA,NA,NA,NA,NA,NA,NA,"1",NA,NA,NA,NA,NA,NA,NA,NA,"1",NA,NA,"1",NA,"1",NA,NA,NA,NA,NA,NA,NA,NA,NA,NA,NA,NA,"1","1",NA,NA,NA,"1",NA,NA,NA,NA,"1","1","1","1",NA,"1",NA,NA,NA,NA,"1","1","1","1","1",NA,NA,NA,"1",NA,"1",NA,NA,NA,NA,NA,NA,NA,NA,NA,"1",NA,NA,NA
"Pteropus_scapulatus","1","1",NA,"1","1","1",NA,NA,"1","1","1","1",NA,"1","1",NA,"1","1","1","1","1",NA,NA,"1","1",NA,NA,NA,NA,NA,NA,NA,"1","1",NA,"1","1","1",NA,NA,NA,"1",NA,NA,NA,NA,"1","1","1","1",NA,"1","1","1","1","1","1",NA,"1","1","1","1","1","1","1","1","1","1","1","1","1","1","1",NA,"1",NA,NA,NA,NA,NA,"1","1",NA,"1",NA
"Rattus_colletti","1","1",NA,NA,NA,NA,NA,NA,NA,NA,"1",NA,NA,NA,NA,NA,NA,NA,"1","1",NA,NA,NA,NA,NA,NA,NA,NA,NA,NA,NA,NA,NA,NA,NA,NA,NA,NA,NA,NA,NA,NA,NA,NA,NA,NA,NA,NA,NA,NA,NA,NA,NA,NA,NA,NA,NA,NA,NA,"1",NA,NA,NA,NA,NA,NA,NA,NA,NA,NA,NA,NA,NA,NA,"1",NA,NA,NA,NA,NA,"1",NA,NA,NA,NA
"Rattus_fuscipes",NA,NA,"1","1","1","1",NA,"1",NA,NA,NA,NA,NA,NA,"1","1",NA,NA,NA,NA,NA,NA,NA,NA,"1","1","1",NA,"1","1",NA,"1","1",NA,NA,NA,NA,NA,NA,NA,"1","1","1",NA,NA,"1","1",NA,NA,"1",NA,"1","1","1","1",NA,"1","1",NA,NA,NA,"1","1","1","1","1",NA,NA,NA,"1","1","1",NA,NA,NA,NA,NA,"1",NA,NA,NA,"1","1","1",NA
"Rattus_leucopus",NA,NA,NA,NA,NA,NA,NA,NA,NA,NA,NA,NA,NA,NA,NA,NA,NA,"1",NA,NA,NA,NA,NA,NA,NA,NA,NA,NA,NA,NA,NA,NA,NA,NA,NA,NA,NA,NA,NA,NA,NA,NA,NA,NA,NA,NA,NA,NA,NA,NA,NA,NA,NA,NA,NA,NA,NA,NA,NA,NA,NA,NA,NA,NA,NA,NA,NA,NA,NA,NA,NA,NA,NA,NA,NA,NA,NA,NA,NA,NA,NA,NA,NA,"1",NA
"Rattus_lutreolus",NA,NA,"1",NA,NA,NA,"1",NA,NA,NA,NA,NA,NA,NA,NA,NA,NA,NA,NA,NA,NA,NA,NA,NA,NA,NA,NA,NA,NA,"1",NA,NA,NA,NA,NA,NA,NA,NA,NA,NA,NA,"1","1",NA,NA,NA,"1",NA,NA,NA,NA,"1","1","1","1",NA,NA,NA,NA,NA,NA,"1","1","1","1","1",NA,NA,NA,"1",NA,"1",NA,"1",NA,"1","1","1","1","1",NA,"1",NA,"1",NA
"Rattus_sordidus",NA,NA,NA,NA,"1","1",NA,NA,NA,NA,NA,NA,NA,NA,"1",NA,NA,"1",NA,NA,NA,NA,NA,NA,NA,NA,NA,NA,NA,NA,NA,NA,NA,NA,NA,NA,NA,"1",NA,NA,NA,NA,NA,NA,NA,NA,NA,NA,NA,NA,NA,NA,NA,NA,NA,NA,NA,NA,NA,NA,NA,NA,NA,NA,NA,NA,NA,NA,NA,NA,NA,NA,NA,NA,NA,NA,NA,NA,NA,NA,NA,NA,NA,"1",NA
"Rattus_tunneyi","1","1",NA,NA,"1","1",NA,NA,NA,NA,NA,"1",NA,NA,"1",NA,NA,"1","1","1","1",NA,NA,NA,NA,NA,NA,NA,NA,NA,NA,NA,NA,"1",NA,NA,"1",NA,NA,NA,NA,NA,NA,NA,NA,NA,NA,NA,NA,NA,NA,NA,NA,NA,NA,"1",NA,NA,"1","1",NA,NA,NA,NA,NA,"1",NA,NA,"1",NA,NA,NA,NA,NA,"1",NA,NA,NA,NA,NA,"1",NA,NA,"1",NA
"Rattus_villosissimus",NA,NA,NA,NA,NA,NA,NA,NA,"1",NA,NA,NA,"1","1",NA,NA,NA,NA,NA,NA,NA,NA,"1",NA,NA,NA,NA,"1",NA,NA,NA,NA,NA,"1",NA,"1","1","1",NA,NA,NA,NA,NA,NA,"1",NA,NA,"1","1",NA,NA,NA,NA,NA,NA,NA,NA,NA,NA,NA,NA,NA,NA,NA,NA,NA,"1","1",NA,NA,NA,NA,"1",NA,NA,NA,NA,NA,NA,NA,NA,NA,NA,NA,NA
"Rhinolophus_megaphyllus",NA,NA,"1",NA,"1","1",NA,NA,NA,NA,NA,NA,NA,NA,"1",NA,NA,"1",NA,NA,NA,NA,NA,NA,"1",NA,NA,NA,NA,NA,NA,NA,NA,NA,NA,NA,NA,"1",NA,NA,NA,NA,NA,NA,NA,NA,NA,NA,"1",NA,NA,"1",NA,"1","1",NA,"1",NA,NA,NA,NA,NA,"1","1","1","1",NA,NA,NA,NA,NA,"1",NA,NA,NA,NA,NA,NA,NA,NA,NA,"1",NA,"1",NA
"Rhinolophus_philippinensis",NA,NA,NA,NA,NA,NA,NA,NA,NA,NA,NA,NA,NA,NA,NA,NA,NA,"1",NA,NA,NA,NA,NA,NA,"1",NA,NA,NA,NA,NA,NA,NA,NA,NA,NA,NA,NA,NA,NA,NA,NA,NA,NA,NA,NA,NA,NA,NA,NA,NA,NA,NA,NA,NA,NA,NA,NA,NA,NA,NA,NA,NA,NA,NA,NA,NA,NA,NA,NA,NA,NA,NA,NA,NA,NA,NA,NA,NA,NA,NA,NA,NA,NA,"1",NA
"Rhinonicteris_aurantia","1","1",NA,NA,NA,NA,NA,NA,NA,"1",NA,NA,NA,NA,NA,NA,NA,NA,"1","1","1",NA,"1",NA,NA,NA,NA,NA,NA,NA,"1",NA,NA,"1",NA,NA,"1",NA,NA,NA,NA,NA,NA,NA,NA,NA,NA,NA,NA,NA,NA,NA,NA,NA,NA,"1",NA,NA,"1","1","1",NA,NA,NA,NA,NA,NA,NA,"1",NA,NA,NA,NA,NA,NA,NA,NA,NA,NA,NA,"1",NA,NA,NA,NA
"Saccolaimus_flaviventris","1","1","1",NA,"1","1",NA,"1",NA,"1",NA,"1",NA,"1","1",NA,"1","1","1","1","1",NA,"1","1","1",NA,"1",NA,"1",NA,"1","1",NA,"1",NA,"1","1",NA,NA,NA,NA,NA,NA,"1","1",NA,"1","1",NA,"1",NA,"1","1","1","1","1","1",NA,"1","1","1","1","1","1","1","1","1","1","1","1",NA,"1","1",NA,"1",NA,NA,NA,NA,NA,"1",NA,NA,"1",NA
"Sarcophilus_harrisii",NA,NA,NA,NA,NA,NA,"1",NA,NA,NA,NA,NA,NA,NA,NA,NA,NA,NA,NA,NA,NA,NA,NA,NA,NA,NA,NA,NA,NA,"1",NA,NA,NA,NA,NA,NA,NA,NA,NA,NA,NA,NA,"1",NA,NA,NA,NA,NA,NA,NA,NA,NA,NA,NA,NA,NA,NA,NA,NA,NA,NA,NA,NA,NA,NA,NA,NA,NA,NA,NA,NA,NA,NA,"1",NA,"1","1","1","1","1",NA,NA,NA,NA,NA
"Scoteanax_rueppellii",NA,NA,NA,NA,NA,NA,NA,NA,NA,NA,NA,NA,NA,NA,NA,NA,NA,NA,NA,NA,NA,NA,NA,NA,NA,NA,NA,NA,NA,NA,NA,NA,NA,NA,NA,NA,NA,NA,NA,NA,NA,NA,NA,NA,NA,NA,NA,NA,NA,NA,NA,"1",NA,"1","1",NA,"1",NA,NA,NA,NA,NA,NA,"1","1","1",NA,NA,NA,NA,NA,"1",NA,NA,NA,NA,NA,NA,NA,NA,NA,NA,NA,"1",NA
"Scotorepens_balstoni",NA,NA,"1","1","1","1",NA,"1","1",NA,NA,"1","1","1",NA,"1","1",NA,"1",NA,"1","1","1","1","1",NA,NA,"1","1",NA,"1","1",NA,"1",NA,"1",NA,"1","1",NA,"1",NA,NA,NA,"1","1","1","1","1","1","1","1","1","1","1","1","1","1","1",NA,"1","1","1",NA,"1",NA,"1","1",NA,NA,NA,"1","1",NA,NA,NA,NA,NA,NA,NA,"1","1",NA,NA,"1"
"Scotorepens_greyii","1","1",NA,NA,"1","1",NA,"1","1","1",NA,"1","1","1",NA,NA,"1",NA,"1","1","1","1","1","1","1",NA,NA,NA,"1",NA,"1",NA,NA,"1",NA,"1","1","1","1",NA,NA,NA,NA,"1","1",NA,"1","1","1","1","1","1",NA,"1","1","1","1",NA,"1","1","1","1",NA,NA,"1","1","1","1","1",NA,NA,"1","1",NA,"1",NA,NA,NA,NA,NA,"1",NA,NA,NA,NA
"Scotorepens_orion",NA,NA,"1",NA,"1","1",NA,NA,NA,NA,NA,NA,NA,NA,"1",NA,NA,NA,NA,NA,NA,NA,NA,"1",NA,NA,NA,NA,NA,NA,NA,NA,NA,NA,NA,NA,NA,NA,NA,NA,NA,NA,NA,NA,NA,NA,NA,NA,NA,NA,NA,"1",NA,"1","1",NA,"1",NA,NA,NA,NA,NA,"1","1","1","1",NA,NA,NA,NA,NA,"1",NA,NA,NA,NA,NA,NA,NA,NA,NA,NA,NA,"1",NA
"Scotorepens_sanborni",NA,NA,NA,NA,NA,NA,NA,NA,NA,NA,NA,"1",NA,NA,NA,NA,NA,"1",NA,"1","1",NA,NA,NA,"1",NA,NA,NA,NA,NA,NA,NA,NA,NA,NA,NA,NA,"1",NA,NA,NA,NA,NA,NA,NA,NA,NA,"1",NA,NA,NA,NA,NA,NA,NA,"1",NA,NA,"1","1",NA,NA,NA,NA,NA,NA,NA,NA,NA,NA,NA,NA,NA,NA,NA,NA,NA,NA,NA,NA,"1",NA,NA,"1",NA
"Setonix_brachyurus",NA,NA,NA,NA,NA,NA,NA,NA,NA,NA,NA,NA,NA,NA,NA,NA,NA,NA,NA,NA,NA,NA,NA,NA,NA,"1",NA,NA,NA,NA,NA,NA,NA,NA,NA,NA,NA,NA,NA,NA,"1",NA,NA,NA,NA,NA,NA,NA,NA,NA,NA,NA,NA,NA,NA,NA,NA,NA,NA,NA,NA,NA,NA,NA,NA,NA,NA,NA,NA,NA,"1",NA,NA,NA,NA,NA,NA,NA,NA,NA,NA,NA,"1",NA,NA
"Sminthopsis_aitkeni",NA,NA,NA,NA,NA,NA,NA,NA,NA,NA,NA,NA,NA,NA,NA,NA,NA,NA,NA,NA,NA,NA,NA,NA,NA,NA,NA,NA,NA,NA,NA,NA,NA,NA,NA,NA,NA,NA,NA,NA,NA,"1",NA,NA,NA,NA,NA,NA,NA,NA,NA,NA,NA,NA,NA,NA,NA,NA,NA,NA,NA,NA,NA,NA,NA,NA,NA,NA,NA,NA,NA,NA,NA,NA,NA,NA,NA,NA,NA,NA,NA,NA,NA,NA,NA
"Sminthopsis_bindi",NA,"1",NA,NA,NA,NA,NA,NA,NA,NA,NA,NA,NA,NA,NA,NA,NA,NA,"1","1",NA,NA,NA,NA,NA,NA,NA,NA,NA,NA,NA,NA,NA,"1",NA,NA,NA,NA,NA,NA,NA,NA,NA,NA,NA,NA,NA,NA,NA,NA,NA,NA,NA,NA,NA,NA,NA,NA,"1","1",NA,NA,NA,NA,NA,NA,NA,NA,NA,NA,NA,NA,NA,NA,"1",NA,NA,NA,NA,NA,"1",NA,NA,NA,NA
"Sminthopsis_butleri",NA,NA,NA,NA,NA,NA,NA,NA,NA,NA,NA,NA,NA,NA,NA,NA,NA,NA,NA,NA,NA,NA,NA,NA,NA,NA,NA,NA,NA,NA,NA,NA,NA,NA,NA,NA,NA,NA,NA,NA,NA,NA,NA,NA,NA,NA,NA,NA,NA,NA,NA,NA,NA,NA,NA,"1",NA,NA,NA,NA,NA,NA,NA,NA,NA,NA,NA,NA,NA,NA,NA,NA,NA,NA,"1",NA,NA,NA,NA,NA,NA,NA,NA,NA,NA
"Sminthopsis_crassicaudata",NA,NA,"1","1",NA,"1",NA,"1","1","1",NA,NA,"1","1",NA,"1","1",NA,NA,NA,NA,NA,"1","1",NA,"1","1","1","1",NA,"1","1","1",NA,"1","1",NA,NA,"1","1","1","1",NA,NA,"1","1","1","1","1","1","1","1","1",NA,NA,NA,"1","1","1",NA,"1","1","1",NA,"1","1","1","1",NA,"1","1",NA,"1",NA,NA,NA,NA,NA,NA,NA,NA,"1",NA,NA,"1"
"Sminthopsis_dolichura",NA,NA,NA,"1",NA,NA,NA,NA,NA,"1",NA,NA,NA,NA,NA,"1",NA,NA,NA,NA,NA,NA,NA,NA,NA,NA,"1",NA,"1",NA,"1","1","1",NA,NA,NA,NA,NA,"1","1","1","1",NA,NA,NA,"1",NA,NA,NA,NA,"1",NA,NA,NA,NA,NA,NA,"1",NA,NA,NA,NA,NA,NA,NA,NA,NA,"1",NA,NA,"1",NA,NA,NA,NA,NA,NA,NA,NA,NA,NA,NA,NA,NA,"1"
"Sminthopsis_gilberti",NA,NA,NA,"1",NA,NA,NA,NA,NA,NA,NA,NA,NA,NA,NA,"1",NA,NA,NA,NA,NA,NA,NA,NA,NA,"1",NA,NA,NA,NA,NA,NA,"1",NA,NA,NA,NA,NA,NA,"1","1",NA,NA,NA,NA,"1",NA,NA,NA,NA,"1",NA,NA,NA,NA,NA,NA,NA,NA,NA,NA,NA,NA,NA,NA,NA,NA,NA,NA,NA,"1",NA,NA,NA,NA,NA,NA,NA,NA,NA,NA,NA,"1",NA,NA
"Sminthopsis_griseoventer",NA,NA,NA,"1",NA,NA,NA,NA,NA,NA,NA,NA,NA,NA,NA,"1",NA,NA,NA,NA,NA,NA,NA,NA,NA,"1",NA,NA,NA,NA,NA,NA,"1",NA,NA,NA,NA,NA,NA,NA,"1",NA,NA,NA,NA,"1",NA,NA,NA,NA,NA,NA,NA,NA,NA,NA,NA,NA,NA,NA,NA,NA,NA,NA,NA,NA,NA,NA,NA,NA,"1",NA,NA,NA,NA,NA,NA,NA,NA,NA,NA,NA,"1",NA,NA
"Sminthopsis_hirtipes",NA,NA,NA,NA,NA,NA,NA,NA,"1","1",NA,NA,"1",NA,NA,"1",NA,NA,NA,NA,NA,NA,"1",NA,NA,NA,NA,NA,NA,NA,"1",NA,"1",NA,"1","1",NA,NA,"1",NA,NA,NA,NA,NA,"1",NA,NA,NA,NA,NA,"1",NA,NA,NA,NA,NA,NA,NA,NA,NA,"1",NA,NA,NA,NA,NA,"1","1",NA,NA,NA,NA,"1",NA,NA,NA,NA,NA,NA,NA,NA,NA,NA,NA,"1"
"Sminthopsis_leucopus",NA,NA,NA,NA,NA,NA,"1",NA,NA,NA,NA,NA,NA,NA,NA,NA,NA,NA,NA,NA,NA,NA,NA,NA,NA,NA,NA,NA,NA,"1",NA,NA,NA,NA,NA,NA,NA,NA,NA,NA,NA,NA,"1",NA,NA,NA,"1",NA,NA,NA,NA,NA,"1",NA,NA,NA,NA,NA,NA,NA,NA,NA,"1","1","1",NA,NA,NA,NA,"1",NA,"1",NA,"1",NA,NA,"1","1","1","1",NA,"1",NA,NA,NA
"Sminthopsis_longicaudata",NA,NA,NA,NA,NA,NA,NA,NA,NA,"1",NA,NA,NA,NA,NA,NA,NA,NA,NA,NA,NA,NA,NA,NA,NA,NA,NA,NA,NA,NA,"1",NA,NA,NA,"1","1",NA,NA,NA,NA,NA,NA,NA,"1","1",NA,NA,NA,NA,NA,"1",NA,NA,NA,NA,NA,NA,NA,NA,NA,"1",NA,NA,NA,NA,NA,NA,NA,NA,NA,NA,NA,NA,NA,NA,NA,NA,NA,NA,NA,NA,NA,NA,NA,NA
"Sminthopsis_macroura",NA,NA,NA,NA,"1","1",NA,"1","1","1",NA,"1","1","1",NA,NA,"1",NA,NA,NA,"1",NA,"1","1",NA,NA,NA,"1","1",NA,"1","1",NA,"1","1","1",NA,"1","1",NA,NA,NA,NA,"1","1",NA,"1","1","1","1","1","1",NA,NA,NA,"1",NA,NA,"1",NA,"1","1",NA,NA,NA,NA,"1","1","1",NA,NA,NA,"1",NA,NA,NA,NA,NA,NA,NA,"1",NA,NA,NA,"1"
"Sminthopsis_murina",NA,NA,"1",NA,NA,"1",NA,"1",NA,NA,NA,NA,NA,"1",NA,NA,"1",NA,NA,NA,NA,"1",NA,"1",NA,NA,"1",NA,"1",NA,NA,NA,NA,NA,NA,NA,NA,NA,NA,NA,NA,"1",NA,NA,NA,NA,"1",NA,NA,NA,NA,"1","1","1","1",NA,"1",NA,NA,NA,NA,"1",NA,"1","1","1","1",NA,NA,"1",NA,"1",NA,NA,NA,NA,NA,NA,NA,NA,NA,"1",NA,"1",NA
"Sminthopsis_ooldea",NA,NA,NA,NA,NA,NA,NA,NA,"1",NA,NA,NA,"1",NA,NA,"1",NA,NA,NA,NA,NA,NA,NA,NA,NA,NA,NA,"1",NA,NA,"1","1",NA,NA,"1","1",NA,NA,"1",NA,NA,NA,NA,"1","1","1",NA,NA,NA,NA,"1",NA,NA,NA,NA,NA,NA,"1",NA,NA,"1",NA,NA,NA,NA,NA,"1","1",NA,NA,NA,NA,"1",NA,NA,NA,NA,NA,NA,NA,NA,NA,NA,NA,NA
"Sminthopsis_psammophila",NA,NA,NA,NA,NA,NA,NA,NA,NA,NA,NA,NA,NA,NA,NA,NA,NA,NA,NA,NA,NA,NA,NA,NA,NA,NA,"1",NA,NA,NA,NA,"1",NA,NA,NA,"1",NA,NA,"1",NA,NA,NA,NA,NA,NA,NA,NA,NA,NA,NA,NA,NA,NA,NA,NA,NA,NA,NA,NA,NA,NA,NA,NA,NA,NA,NA,NA,NA,NA,NA,NA,NA,NA,NA,NA,NA,NA,NA,NA,NA,NA,NA,NA,NA,NA
"Sminthopsis_virginiae","1","1",NA,NA,NA,NA,NA,NA,NA,NA,"1",NA,NA,NA,NA,NA,NA,"1","1","1",NA,NA,NA,NA,NA,NA,NA,NA,NA,NA,NA,NA,NA,NA,NA,NA,NA,NA,NA,NA,NA,NA,NA,NA,NA,NA,NA,NA,NA,NA,NA,NA,NA,NA,NA,"1",NA,NA,"1","1",NA,NA,NA,NA,NA,NA,NA,NA,NA,NA,NA,NA,NA,NA,"1",NA,NA,NA,NA,NA,"1",NA,NA,"1",NA
"Sminthopsis_youngsoni",NA,NA,NA,NA,NA,NA,NA,NA,"1","1",NA,NA,"1","1",NA,NA,NA,NA,NA,NA,"1",NA,"1",NA,NA,NA,NA,"1",NA,NA,"1",NA,NA,"1","1","1",NA,NA,"1",NA,NA,NA,NA,"1","1",NA,NA,"1",NA,NA,NA,NA,NA,NA,NA,NA,NA,NA,NA,NA,"1",NA,NA,NA,NA,NA,"1",NA,"1",NA,NA,NA,"1",NA,NA,NA,NA,NA,NA,NA,NA,NA,NA,NA,NA
"Syconycteris_australis",NA,NA,NA,NA,"1","1",NA,NA,NA,NA,NA,NA,NA,NA,"1",NA,NA,"1",NA,NA,NA,NA,NA,NA,NA,NA,NA,NA,NA,NA,NA,NA,NA,NA,NA,NA,NA,NA,NA,NA,NA,NA,NA,NA,NA,NA,NA,NA,NA,NA,NA,NA,NA,NA,"1",NA,NA,NA,NA,NA,NA,NA,NA,NA,NA,"1",NA,NA,NA,NA,NA,NA,NA,NA,NA,NA,NA,NA,NA,NA,NA,NA,NA,"1",NA
"Tachyglossus_aculeatus","1","1","1","1","1","1","1","1","1","1","1",NA,"1","1",NA,"1","1","1","1","1","1",NA,"1","1","1","1","1","1","1","1","1","1","1","1",NA,"1","1","1","1","1","1","1","1",NA,"1","1","1","1",NA,"1","1","1","1","1","1","1","1","1","1","1","1","1","1","1","1","1","1","1","1","1","1","1","1","1","1","1","1","1","1","1","1","1",NA,"1","1"
"Tadarida_australis",NA,NA,"1","1",NA,"1",NA,"1","1","1",NA,NA,"1","1",NA,"1","1",NA,NA,NA,"1","1",NA,"1",NA,NA,"1","1","1",NA,"1","1","1",NA,"1","1",NA,NA,"1","1","1","1",NA,"1","1","1","1",NA,NA,"1","1","1","1","1","1",NA,"1","1",NA,NA,"1","1","1","1","1","1","1","1",NA,"1","1","1","1",NA,NA,NA,NA,NA,NA,NA,NA,"1","1",NA,"1"
"Taphozous_australis",NA,NA,NA,NA,NA,NA,NA,NA,NA,NA,NA,NA,NA,NA,NA,NA,NA,"1",NA,NA,NA,NA,NA,NA,NA,NA,NA,NA,NA,NA,NA,NA,NA,NA,NA,NA,NA,NA,NA,NA,NA,NA,NA,NA,NA,NA,NA,NA,NA,NA,NA,NA,NA,NA,NA,NA,NA,NA,NA,NA,NA,NA,NA,NA,NA,NA,NA,NA,NA,NA,NA,NA,NA,NA,NA,NA,NA,NA,NA,NA,NA,NA,NA,"1",NA
"Taphozous_georgianus","1","1",NA,NA,NA,NA,NA,NA,NA,"1","1","1",NA,NA,NA,NA,NA,NA,"1","1","1",NA,NA,NA,NA,NA,NA,NA,NA,NA,"1",NA,NA,"1",NA,"1","1","1",NA,NA,NA,NA,NA,"1",NA,NA,NA,NA,"1",NA,NA,NA,NA,NA,NA,"1",NA,NA,"1","1","1",NA,NA,NA,NA,NA,NA,NA,NA,NA,NA,NA,NA,NA,NA,NA,NA,NA,NA,NA,"1",NA,NA,NA,NA
"Taphozous_hilli",NA,NA,NA,NA,NA,NA,NA,NA,"1",NA,NA,NA,"1",NA,NA,NA,NA,NA,NA,NA,NA,NA,"1",NA,NA,NA,NA,"1",NA,NA,"1",NA,NA,NA,"1","1",NA,NA,"1",NA,NA,NA,NA,NA,"1",NA,NA,NA,"1",NA,"1",NA,NA,NA,NA,NA,NA,NA,"1",NA,"1",NA,NA,NA,NA,NA,"1","1",NA,NA,NA,NA,"1",NA,NA,NA,NA,NA,NA,NA,NA,NA,NA,NA,"1"
"Taphozous_kapalgensis","1",NA,NA,NA,NA,NA,NA,NA,NA,NA,NA,NA,NA,NA,NA,NA,NA,NA,NA,"1",NA,NA,NA,NA,NA,NA,NA,NA,NA,NA,NA,NA,NA,NA,NA,NA,NA,NA,NA,NA,NA,NA,NA,NA,NA,NA,NA,NA,NA,NA,NA,NA,NA,NA,NA,NA,NA,NA,NA,"1",NA,NA,NA,NA,NA,NA,NA,NA,NA,NA,NA,NA,NA,NA,NA,NA,NA,NA,NA,NA,"1",NA,NA,NA,NA
"Thylogale_billardierii",NA,NA,NA,NA,NA,NA,"1",NA,NA,NA,NA,NA,NA,NA,NA,NA,NA,NA,NA,NA,NA,NA,NA,NA,NA,NA,NA,NA,NA,"1",NA,NA,NA,NA,NA,NA,NA,NA,NA,NA,NA,NA,"1",NA,NA,NA,NA,NA,NA,NA,NA,NA,NA,NA,NA,NA,NA,NA,NA,NA,NA,"1","1",NA,NA,NA,NA,NA,NA,"1",NA,NA,NA,"1",NA,"1","1","1","1","1",NA,NA,NA,NA,NA
"Thylogale_stigmatica",NA,NA,NA,NA,NA,"1",NA,NA,NA,NA,NA,NA,NA,NA,"1",NA,NA,"1",NA,NA,NA,"1",NA,NA,"1",NA,NA,NA,NA,NA,NA,NA,NA,NA,NA,NA,NA,NA,NA,NA,NA,NA,NA,NA,NA,NA,NA,NA,NA,NA,NA,"1",NA,"1","1",NA,NA,NA,NA,NA,NA,NA,NA,NA,NA,"1",NA,NA,NA,NA,NA,"1",NA,NA,NA,NA,NA,NA,NA,NA,NA,NA,NA,"1",NA
"Thylogale_thetis",NA,NA,NA,NA,NA,"1",NA,NA,NA,NA,NA,NA,NA,NA,NA,NA,NA,NA,NA,NA,NA,NA,NA,NA,NA,NA,NA,NA,NA,NA,NA,NA,NA,NA,NA,NA,NA,NA,NA,NA,NA,NA,NA,NA,NA,NA,NA,NA,NA,NA,NA,"1",NA,"1","1",NA,NA,NA,NA,NA,NA,NA,NA,NA,NA,"1",NA,NA,NA,NA,NA,"1",NA,NA,NA,NA,NA,NA,NA,NA,NA,NA,NA,NA,NA
"Trichosurus_caninus",NA,NA,"1",NA,NA,"1",NA,NA,NA,NA,NA,NA,NA,NA,NA,NA,NA,NA,NA,NA,NA,NA,NA,NA,NA,NA,NA,NA,NA,NA,NA,NA,NA,NA,NA,NA,NA,NA,NA,NA,NA,NA,NA,NA,NA,NA,NA,NA,NA,NA,NA,NA,NA,"1","1",NA,"1",NA,NA,NA,NA,NA,"1","1","1","1",NA,NA,NA,NA,NA,"1",NA,NA,NA,NA,NA,NA,NA,NA,NA,"1",NA,NA,NA
"Trichosurus_cunninghami",NA,NA,NA,NA,NA,NA,NA,NA,NA,NA,NA,NA,NA,NA,NA,NA,NA,NA,NA,NA,NA,NA,NA,NA,NA,NA,NA,NA,NA,"1",NA,NA,NA,NA,NA,NA,NA,NA,NA,NA,NA,NA,NA,NA,NA,NA,NA,NA,NA,NA,NA,NA,NA,NA,NA,NA,NA,NA,NA,NA,NA,NA,NA,NA,"1",NA,NA,NA,NA,NA,NA,NA,NA,NA,NA,NA,NA,NA,NA,NA,NA,NA,NA,NA,NA
"Trichosurus_vulpecula","1","1","1","1","1","1","1","1","1","1","1","1","1",NA,"1",NA,"1","1","1","1","1","1","1","1","1","1","1",NA,"1","1",NA,"1","1",NA,"1","1",NA,"1",NA,NA,"1","1","1",NA,"1","1","1","1",NA,"1",NA,"1","1","1","1","1","1",NA,"1","1","1","1","1","1","1","1","1",NA,"1","1","1","1","1","1","1","1","1","1","1","1","1","1","1","1",NA
"Uromys_caudimaculatus",NA,NA,NA,NA,NA,NA,NA,NA,NA,NA,NA,NA,NA,NA,NA,NA,NA,"1",NA,NA,NA,NA,NA,NA,NA,NA,NA,NA,NA,NA,NA,NA,NA,NA,NA,NA,NA,NA,NA,NA,NA,NA,NA,NA,NA,NA,NA,NA,NA,NA,NA,NA,NA,NA,NA,NA,NA,NA,NA,NA,NA,NA,NA,NA,NA,NA,NA,NA,NA,NA,NA,NA,NA,NA,NA,NA,NA,NA,NA,NA,NA,NA,NA,"1",NA
"Vespadelus_baverstocki",NA,NA,NA,NA,NA,"1",NA,"1","1",NA,NA,NA,"1",NA,NA,"1","1",NA,NA,NA,NA,NA,NA,"1",NA,NA,NA,"1","1",NA,NA,"1",NA,NA,NA,"1",NA,NA,"1",NA,NA,NA,NA,NA,"1",NA,"1",NA,NA,"1","1",NA,NA,NA,NA,NA,"1",NA,NA,NA,NA,"1",NA,NA,NA,NA,"1","1",NA,NA,NA,NA,NA,NA,NA,NA,NA,NA,NA,NA,NA,NA,NA,NA,"1"
"Vespadelus_caurinus","1","1",NA,NA,NA,NA,NA,NA,NA,NA,"1","1",NA,NA,NA,NA,NA,NA,"1","1","1",NA,NA,NA,NA,NA,NA,NA,NA,NA,NA,NA,NA,"1",NA,NA,"1",NA,NA,NA,NA,NA,NA,NA,NA,NA,NA,NA,NA,NA,NA,NA,NA,NA,NA,"1",NA,NA,"1","1",NA,NA,NA,NA,NA,NA,NA,NA,NA,NA,NA,NA,NA,NA,"1",NA,NA,NA,NA,NA,"1",NA,NA,NA,NA
"Vespadelus_darlingtoni",NA,NA,"1",NA,NA,"1","1",NA,NA,NA,NA,NA,NA,NA,NA,NA,NA,NA,NA,NA,NA,NA,NA,NA,NA,NA,NA,NA,"1",NA,NA,NA,NA,NA,NA,NA,NA,NA,"1",NA,NA,"1",NA,NA,NA,NA,"1",NA,NA,NA,NA,"1","1","1","1",NA,"1",NA,NA,NA,NA,"1","1","1","1","1",NA,NA,NA,"1",NA,"1",NA,"1",NA,"1","1","1","1","1",NA,"1",NA,NA,NA
"Vespadelus_douglasorum",NA,NA,NA,NA,NA,NA,NA,NA,NA,NA,NA,"1",NA,NA,NA,NA,NA,NA,NA,NA,"1",NA,NA,NA,NA,NA,NA,NA,NA,NA,NA,NA,NA,NA,NA,NA,NA,NA,NA,NA,NA,NA,NA,NA,NA,NA,NA,NA,NA,NA,NA,NA,NA,NA,NA,"1",NA,NA,"1",NA,NA,NA,NA,NA,NA,NA,NA,NA,NA,NA,NA,NA,NA,NA,NA,NA,NA,NA,NA,NA,NA,NA,NA,NA,NA
"Vespadelus_finlaysoni","1","1",NA,NA,NA,NA,NA,NA,"1","1",NA,"1","1",NA,NA,NA,NA,NA,"1",NA,"1",NA,"1",NA,"1",NA,NA,"1","1",NA,"1","1","1","1","1","1","1",NA,"1",NA,NA,NA,NA,"1","1",NA,NA,NA,"1",NA,"1",NA,NA,NA,NA,NA,NA,NA,"1","1","1",NA,NA,NA,NA,NA,"1","1",NA,NA,NA,NA,"1",NA,NA,NA,NA,NA,NA,NA,NA,NA,NA,NA,"1"
"Vespadelus_pumilus",NA,NA,NA,NA,"1","1",NA,NA,NA,NA,NA,NA,NA,NA,NA,NA,NA,NA,NA,NA,NA,NA,NA,"1","1",NA,NA,NA,NA,NA,NA,NA,NA,NA,NA,NA,NA,NA,NA,NA,NA,NA,NA,NA,NA,NA,NA,NA,NA,NA,NA,NA,NA,"1","1",NA,NA,NA,NA,NA,NA,NA,NA,NA,NA,"1",NA,NA,NA,"1",NA,"1",NA,NA,NA,"1",NA,NA,NA,NA,NA,"1",NA,"1",NA
"Vespadelus_regulus",NA,NA,"1","1",NA,NA,"1","1",NA,NA,NA,NA,NA,NA,NA,"1","1",NA,NA,NA,NA,NA,NA,"1",NA,"1","1",NA,"1",NA,NA,"1","1",NA,NA,NA,NA,NA,"1","1","1","1","1",NA,NA,"1","1",NA,NA,NA,NA,"1","1","1","1",NA,"1","1",NA,NA,NA,"1","1","1","1","1",NA,NA,NA,"1","1","1",NA,"1",NA,NA,"1","1","1","1",NA,"1","1",NA,NA
"Vespadelus_troughtoni",NA,NA,NA,NA,"1","1",NA,NA,NA,NA,NA,NA,NA,NA,"1",NA,NA,"1",NA,NA,NA,NA,NA,"1","1",NA,NA,NA,NA,NA,NA,NA,NA,NA,NA,NA,NA,NA,NA,NA,NA,NA,NA,NA,NA,NA,NA,NA,NA,NA,NA,"1",NA,"1","1",NA,NA,NA,NA,NA,NA,NA,NA,NA,NA,"1",NA,NA,NA,NA,NA,"1",NA,NA,NA,NA,NA,NA,NA,NA,NA,NA,NA,"1",NA
"Vespadelus_vulturnus",NA,NA,"1",NA,NA,"1","1","1",NA,NA,NA,NA,NA,NA,NA,NA,"1",NA,NA,NA,NA,NA,NA,"1",NA,NA,NA,NA,"1","1",NA,NA,NA,NA,NA,NA,NA,NA,NA,NA,NA,"1","1",NA,NA,NA,"1",NA,NA,"1",NA,"1","1","1","1",NA,"1",NA,NA,NA,NA,"1","1","1","1","1",NA,NA,NA,"1",NA,"1",NA,"1",NA,"1","1","1","1",NA,NA,"1",NA,NA,NA
"Vombatus_ursinus",NA,NA,"1",NA,NA,"1","1",NA,NA,NA,NA,NA,NA,NA,NA,NA,"1",NA,NA,NA,NA,NA,NA,NA,NA,NA,NA,NA,NA,"1",NA,NA,NA,NA,NA,NA,NA,NA,NA,NA,NA,NA,"1",NA,NA,NA,"1",NA,NA,NA,NA,"1","1","1","1",NA,"1",NA,NA,NA,NA,"1","1","1","1","1",NA,NA,NA,NA,NA,"1",NA,"1",NA,"1","1","1","1","1",NA,"1",NA,NA,NA
"Vulpes_vulpes",NA,NA,"1","1",NA,"1","1","1","1","1",NA,NA,"1","1",NA,"1","1",NA,NA,NA,NA,NA,"1","1","1","1","1","1","1","1","1","1","1",NA,"1","1",NA,NA,"1","1","1","1","1",NA,"1","1","1","1",NA,"1","1","1","1","1","1",NA,"1","1",NA,NA,"1","1","1","1","1","1","1","1",NA,"1","1","1","1","1",NA,"1","1","1","1","1",NA,"1","1",NA,"1"
"Wallabia_bicolor",NA,NA,"1",NA,"1","1",NA,NA,NA,NA,NA,NA,NA,NA,"1",NA,"1",NA,NA,NA,NA,"1",NA,"1","1",NA,NA,NA,NA,"1",NA,NA,NA,NA,NA,NA,NA,NA,NA,NA,NA,"1",NA,NA,NA,NA,"1",NA,NA,"1",NA,"1","1","1","1",NA,"1",NA,NA,NA,NA,"1","1","1","1","1",NA,NA,NA,"1",NA,"1",NA,NA,NA,NA,NA,NA,NA,NA,NA,"1",NA,"1",NA
"Xeromys_myoides","1",NA,NA,NA,NA,NA,NA,NA,NA,NA,NA,NA,NA,NA,"1",NA,NA,NA,NA,"1",NA,NA,NA,NA,NA,NA,NA,NA,NA,NA,NA,NA,NA,NA,NA,NA,NA,NA,NA,NA,NA,NA,NA,NA,NA,NA,NA,NA,NA,NA,NA,NA,NA,NA,NA,NA,NA,NA,NA,"1",NA,NA,NA,NA,NA,NA,NA,NA,NA,NA,NA,NA,NA,NA,"1",NA,NA,NA,NA,NA,NA,NA,NA,NA,NA
"Zyzomys_argurus","1","1",NA,NA,NA,NA,NA,NA,NA,"1","1","1",NA,NA,NA,NA,NA,NA,"1","1","1",NA,NA,NA,NA,NA,NA,NA,NA,NA,"1",NA,NA,"1",NA,"1","1","1",NA,NA,NA,NA,NA,"1",NA,NA,NA,NA,"1",NA,NA,NA,NA,NA,NA,"1",NA,NA,"1","1","1",NA,NA,NA,NA,NA,NA,NA,"1",NA,NA,NA,NA,NA,NA,NA,NA,NA,NA,NA,"1",NA,NA,"1",NA
"Zyzomys_maini","1","1",NA,NA,NA,NA,NA,NA,NA,NA,NA,NA,NA,NA,NA,NA,NA,NA,NA,"1",NA,NA,NA,NA,NA,NA,NA,NA,NA,NA,NA,NA,NA,NA,NA,NA,NA,NA,NA,NA,NA,NA,NA,NA,NA,NA,NA,NA,NA,NA,NA,NA,NA,NA,NA,NA,NA,NA,NA,"1",NA,NA,NA,NA,NA,NA,NA,NA,NA,NA,NA,NA,NA,NA,NA,NA,NA,NA,NA,NA,NA,NA,NA,NA,NA
"Zyzomys_palatalis",NA,NA,NA,NA,NA,NA,NA,NA,NA,NA,NA,NA,NA,NA,NA,NA,NA,NA,NA,NA,NA,NA,NA,NA,NA,NA,NA,NA,NA,NA,NA,NA,NA,"1",NA,NA,"1","1",NA,NA,NA,NA,NA,NA,NA,NA,NA,NA,NA,NA,NA,NA,NA,NA,NA,NA,NA,NA,NA,NA,NA,NA,NA,NA,NA,NA,NA,NA,NA,NA,NA,NA,NA,NA,NA,NA,NA,NA,NA,NA,NA,NA,NA,NA,NA
"Zyzomys_pedunculatus",NA,NA,NA,NA,NA,NA,NA,NA,"1",NA,NA,NA,NA,NA,NA,NA,NA,NA,NA,NA,NA,NA,"1",NA,NA,NA,NA,"1",NA,NA,NA,NA,NA,NA,NA,"1",NA,NA,NA,NA,NA,NA,NA,NA,"1",NA,NA,NA,NA,NA,NA,NA,NA,NA,NA,NA,NA,NA,NA,NA,NA,NA,NA,NA,NA,NA,NA,NA,NA,NA,NA,NA,"1",NA,NA,NA,NA,NA,NA,NA,NA,NA,NA,NA,NA
"Zyzomys_woodwardi",NA,NA,NA,NA,NA,NA,NA,NA,NA,NA,NA,"1",NA,NA,NA,NA,NA,NA,NA,NA,NA,NA,NA,NA,NA,NA,NA,NA,NA,NA,NA,NA,NA,NA,NA,NA,NA,NA,NA,NA,NA,NA,NA,NA,NA,NA,NA,NA,NA,NA,NA,NA,NA,NA,NA,"1",NA,NA,NA,NA,NA,NA,NA,NA,NA,NA,NA,NA,NA,NA,NA,NA,NA,NA,NA,NA,NA,NA,NA,NA,"1",NA,NA,NA,NA
NA,NA,NA,NA,NA,NA,NA,NA,NA,NA,NA,NA,NA,NA,NA,NA,NA,NA,NA,NA,NA,NA,NA,NA,NA,NA,NA,NA,NA,NA,NA,NA,NA,NA,NA,NA,NA,NA,NA,NA,NA,NA,NA,NA,NA,NA,NA,NA,NA,NA,NA,NA,NA,NA,NA,NA,NA,NA,NA,NA,NA,NA,NA,NA,NA,NA,NA,NA,NA,NA,NA,NA,NA,NA,NA,NA,NA,NA,NA,NA,NA,NA,NA,NA,NA,NA
NA,NA,NA,NA,NA,NA,NA,NA,NA,NA,NA,NA,NA,NA,NA,NA,NA,NA,NA,NA,NA,NA,NA,NA,NA,NA,NA,NA,NA,NA,NA,NA,NA,NA,NA,NA,NA,NA,NA,NA,NA,NA,NA,NA,NA,NA,NA,NA,NA,NA,NA,NA,NA,NA,NA,NA,NA,NA,NA,NA,NA,NA,NA,NA,NA,NA,NA,NA,NA,NA,NA,NA,NA,NA,NA,NA,NA,NA,NA,NA,NA,NA,NA,NA,NA,NA
