"spp","0","1","2","4","5","6","7","8","9","10","13","14","15","16","17","18","19","20","21","22","24","25","26","27","28","29","30","31","32","34","35","36","37","38","39","40","42","43","44","45","46","47","49","50","51","52","53","54","55","56","57","58","59","60","61","62","63"
"Adelotus_brevis",NA,NA,NA,NA,"1","1",NA,"1",NA,NA,"1",NA,NA,NA,NA,NA,"1",NA,NA,"1","1",NA,NA,NA,NA,NA,NA,NA,"1",NA,NA,NA,NA,NA,NA,"1",NA,NA,NA,NA,NA,NA,NA,NA,NA,NA,"1",NA,NA,NA,"1","1",NA,NA,NA,NA,NA
"Assa_darlingtoni",NA,NA,NA,NA,NA,NA,NA,NA,NA,NA,NA,NA,NA,NA,NA,NA,NA,NA,NA,NA,NA,NA,NA,NA,NA,NA,NA,NA,NA,NA,NA,NA,NA,NA,NA,"1",NA,NA,NA,NA,NA,NA,NA,NA,NA,NA,"1",NA,NA,NA,NA,NA,NA,NA,NA,NA,NA
"Austrochaperina_adelphe",NA,NA,NA,NA,NA,NA,NA,NA,NA,NA,NA,NA,NA,NA,NA,NA,NA,NA,NA,NA,NA,NA,NA,NA,NA,NA,NA,NA,NA,NA,NA,NA,NA,NA,NA,NA,"1",NA,NA,NA,NA,NA,NA,NA,NA,NA,NA,NA,NA,NA,NA,NA,NA,NA,NA,NA,NA
"Austrochaperina_fryi",NA,NA,NA,NA,NA,NA,NA,NA,"1",NA,NA,NA,NA,NA,NA,NA,NA,NA,NA,NA,NA,NA,NA,NA,NA,NA,NA,NA,NA,NA,NA,NA,NA,NA,"1",NA,NA,NA,NA,NA,NA,NA,NA,NA,NA,NA,NA,NA,NA,NA,NA,NA,NA,NA,NA,"1",NA
"Austrochaperina_pluvialis",NA,NA,NA,NA,NA,NA,NA,NA,NA,NA,NA,NA,NA,NA,NA,NA,NA,NA,NA,NA,NA,NA,NA,NA,NA,NA,NA,NA,NA,NA,NA,NA,NA,NA,"1",NA,NA,NA,NA,NA,NA,NA,NA,NA,NA,NA,NA,NA,NA,NA,NA,NA,NA,NA,NA,"1",NA
"Cophixalus_aenigma",NA,NA,NA,NA,NA,NA,NA,NA,"1",NA,NA,NA,NA,NA,NA,NA,NA,NA,NA,NA,NA,NA,NA,NA,NA,NA,NA,NA,NA,NA,NA,NA,NA,NA,"1",NA,NA,NA,NA,NA,NA,NA,NA,NA,NA,NA,NA,NA,NA,NA,NA,NA,NA,NA,NA,"1",NA
"Cophixalus_bombiens",NA,NA,NA,NA,NA,NA,NA,NA,NA,NA,NA,NA,NA,NA,NA,NA,NA,NA,NA,NA,NA,NA,NA,NA,NA,NA,NA,NA,NA,NA,NA,NA,NA,NA,"1",NA,NA,NA,NA,NA,NA,NA,NA,NA,NA,NA,NA,NA,NA,NA,NA,NA,NA,NA,NA,"1",NA
"Cophixalus_concinnus",NA,NA,NA,NA,NA,NA,NA,NA,NA,NA,NA,NA,NA,NA,NA,NA,NA,NA,NA,NA,NA,NA,NA,NA,NA,NA,NA,NA,NA,NA,NA,NA,NA,NA,"1",NA,NA,NA,NA,NA,NA,NA,NA,NA,NA,NA,NA,NA,NA,NA,NA,NA,NA,NA,NA,"1",NA
"Cophixalus_crepitans",NA,NA,NA,NA,NA,NA,NA,NA,"1",NA,NA,NA,NA,NA,NA,NA,NA,NA,NA,NA,NA,NA,NA,NA,NA,NA,NA,NA,NA,NA,NA,NA,NA,NA,NA,NA,NA,NA,NA,NA,NA,NA,NA,NA,NA,NA,NA,NA,NA,NA,NA,NA,NA,NA,NA,NA,NA
"Cophixalus_exiguus",NA,NA,NA,NA,NA,NA,NA,NA,"1",NA,NA,NA,NA,NA,NA,NA,NA,NA,NA,NA,NA,NA,NA,NA,NA,NA,NA,NA,NA,NA,NA,NA,NA,NA,NA,NA,NA,NA,NA,NA,NA,NA,NA,NA,NA,NA,NA,NA,NA,NA,NA,NA,NA,NA,NA,NA,NA
"Cophixalus_hosmeri",NA,NA,NA,NA,NA,NA,NA,NA,NA,NA,NA,NA,NA,NA,NA,NA,NA,NA,NA,NA,NA,NA,NA,NA,NA,NA,NA,NA,NA,NA,NA,NA,NA,NA,"1",NA,NA,NA,NA,NA,NA,NA,NA,NA,NA,NA,NA,NA,NA,NA,NA,NA,NA,NA,NA,NA,NA
"Cophixalus_infacetus",NA,NA,NA,NA,NA,NA,NA,NA,NA,NA,NA,NA,NA,NA,NA,NA,NA,NA,NA,NA,NA,NA,NA,NA,NA,NA,NA,NA,NA,NA,NA,NA,NA,NA,NA,NA,NA,NA,NA,NA,NA,NA,NA,NA,NA,NA,NA,NA,NA,NA,NA,NA,NA,NA,NA,"1",NA
"Cophixalus_mcdonaldi",NA,NA,NA,NA,NA,NA,"1",NA,NA,NA,NA,NA,NA,NA,NA,NA,NA,NA,NA,NA,NA,NA,NA,NA,NA,NA,NA,NA,NA,NA,NA,NA,NA,NA,NA,NA,NA,NA,NA,NA,NA,NA,NA,NA,NA,NA,NA,NA,NA,NA,NA,NA,NA,NA,NA,NA,NA
"Cophixalus_monticola",NA,NA,NA,NA,NA,NA,NA,NA,NA,NA,NA,NA,NA,NA,NA,NA,NA,NA,NA,NA,NA,NA,NA,NA,NA,NA,NA,NA,NA,NA,NA,NA,NA,NA,NA,NA,NA,NA,NA,NA,NA,NA,NA,NA,NA,NA,NA,NA,NA,NA,NA,NA,NA,NA,NA,"1",NA
"Cophixalus_neglectus",NA,NA,NA,NA,NA,NA,NA,NA,NA,NA,NA,NA,NA,NA,NA,NA,NA,NA,NA,NA,NA,NA,NA,NA,NA,NA,NA,NA,NA,NA,NA,NA,NA,NA,NA,NA,NA,NA,NA,NA,NA,NA,NA,NA,NA,NA,NA,NA,NA,NA,NA,NA,NA,NA,NA,"1",NA
"Cophixalus_saxatilis",NA,NA,NA,NA,NA,NA,NA,NA,"1",NA,NA,NA,NA,NA,NA,NA,NA,NA,NA,NA,NA,NA,NA,NA,NA,NA,NA,NA,NA,NA,NA,NA,NA,NA,"1",NA,NA,NA,NA,NA,NA,NA,NA,NA,NA,NA,NA,NA,NA,NA,NA,NA,NA,NA,NA,NA,NA
"Cophixalus_zweifeli",NA,NA,NA,NA,NA,NA,NA,NA,"1",NA,NA,NA,NA,NA,NA,NA,NA,NA,NA,NA,NA,NA,NA,NA,NA,NA,NA,NA,NA,NA,NA,NA,NA,NA,NA,NA,NA,NA,NA,NA,NA,NA,NA,NA,NA,NA,NA,NA,NA,NA,NA,NA,NA,NA,NA,NA,NA
"Crinia_bilingua",NA,NA,NA,NA,NA,NA,NA,NA,NA,NA,NA,NA,NA,NA,NA,NA,NA,NA,NA,NA,NA,NA,NA,NA,NA,NA,NA,NA,NA,NA,NA,NA,NA,NA,NA,NA,"1",NA,NA,NA,"1",NA,NA,NA,NA,NA,NA,NA,NA,NA,NA,NA,NA,NA,NA,NA,NA
"Crinia_deserticola",NA,NA,NA,NA,NA,NA,"1",NA,"1",NA,NA,NA,NA,"1",NA,NA,"1",NA,NA,NA,NA,NA,NA,NA,NA,NA,NA,NA,NA,NA,NA,NA,NA,NA,"1",NA,"1",NA,NA,NA,"1",NA,"1",NA,NA,NA,NA,NA,"1","1",NA,NA,NA,NA,"1","1",NA
"Crinia_georgiana",NA,NA,NA,"1",NA,NA,NA,NA,NA,NA,NA,NA,NA,NA,NA,NA,NA,NA,NA,NA,NA,NA,NA,NA,NA,NA,NA,NA,NA,NA,NA,NA,NA,"1",NA,NA,NA,NA,"1",NA,NA,NA,NA,NA,"1",NA,NA,"1",NA,NA,NA,NA,NA,NA,NA,NA,NA
"Crinia_glauerti",NA,NA,NA,"1",NA,NA,NA,NA,NA,NA,NA,NA,NA,NA,NA,NA,NA,NA,NA,NA,NA,NA,NA,NA,NA,NA,NA,NA,NA,NA,NA,NA,NA,"1",NA,NA,NA,NA,"1",NA,NA,NA,NA,NA,"1",NA,NA,"1",NA,NA,NA,NA,NA,NA,NA,NA,NA
"Crinia_insignifera",NA,NA,NA,"1",NA,NA,NA,NA,NA,NA,NA,NA,NA,NA,NA,NA,NA,NA,NA,NA,NA,NA,NA,NA,NA,NA,NA,NA,NA,NA,NA,NA,NA,"1",NA,NA,NA,NA,"1",NA,NA,NA,NA,NA,"1",NA,NA,"1",NA,NA,NA,NA,NA,NA,NA,NA,NA
"Crinia_nimbus",NA,NA,NA,NA,NA,NA,NA,NA,NA,NA,NA,NA,NA,NA,NA,NA,NA,NA,NA,NA,NA,NA,NA,NA,NA,NA,NA,NA,NA,NA,NA,NA,NA,NA,NA,NA,NA,NA,NA,NA,NA,"1",NA,NA,NA,NA,NA,NA,NA,NA,NA,NA,NA,NA,NA,NA,NA
"Crinia_parinsignifera","1","1",NA,NA,"1","1",NA,"1",NA,"1","1",NA,"1",NA,NA,NA,"1","1","1","1","1",NA,"1","1",NA,"1","1","1","1",NA,"1","1",NA,NA,NA,"1",NA,NA,NA,"1",NA,NA,NA,"1",NA,"1","1",NA,NA,NA,"1","1",NA,NA,"1",NA,"1"
"Crinia_pseudinsignifera",NA,NA,NA,"1",NA,NA,NA,NA,NA,NA,NA,NA,NA,NA,NA,NA,NA,NA,NA,NA,NA,NA,NA,NA,NA,NA,NA,NA,NA,NA,NA,NA,NA,"1",NA,NA,NA,NA,"1",NA,"1",NA,NA,NA,"1",NA,NA,"1",NA,NA,NA,NA,NA,NA,NA,NA,NA
"Crinia_remota",NA,NA,NA,NA,NA,NA,NA,NA,"1",NA,NA,NA,NA,"1",NA,NA,NA,NA,NA,NA,NA,NA,NA,NA,NA,NA,NA,NA,NA,NA,NA,NA,NA,NA,"1",NA,"1",NA,NA,NA,"1",NA,NA,NA,NA,NA,NA,NA,NA,"1",NA,NA,NA,NA,NA,"1",NA
"Crinia_riparia",NA,NA,NA,NA,NA,NA,NA,NA,NA,NA,NA,NA,NA,NA,NA,NA,NA,NA,NA,NA,NA,NA,NA,NA,NA,NA,NA,NA,NA,NA,NA,NA,NA,NA,NA,NA,NA,"1",NA,NA,NA,NA,"1",NA,NA,NA,NA,NA,NA,NA,NA,NA,NA,NA,NA,NA,NA
"Crinia_signifera","1","1",NA,NA,"1","1",NA,"1",NA,"1",NA,NA,"1",NA,"1","1","1","1","1","1","1","1","1","1",NA,"1","1","1","1","1","1","1","1",NA,NA,"1",NA,"1",NA,"1",NA,"1","1","1",NA,"1","1",NA,NA,NA,"1","1",NA,"1","1",NA,"1"
"Crinia_sloanei",NA,NA,NA,NA,NA,"1",NA,NA,NA,"1",NA,NA,NA,NA,NA,NA,NA,NA,"1",NA,NA,NA,"1",NA,NA,NA,"1","1","1",NA,"1","1",NA,NA,NA,NA,NA,NA,NA,NA,NA,NA,NA,NA,NA,NA,NA,NA,NA,NA,NA,NA,NA,NA,"1",NA,NA
"Crinia_subinsignifera",NA,NA,NA,NA,NA,NA,NA,NA,NA,NA,NA,NA,NA,NA,NA,NA,NA,NA,NA,NA,NA,NA,NA,NA,NA,NA,NA,NA,NA,NA,NA,NA,NA,NA,NA,NA,NA,NA,NA,NA,NA,NA,NA,NA,"1",NA,NA,"1",NA,NA,NA,NA,NA,NA,NA,NA,NA
"Crinia_tasmaniensis",NA,NA,NA,NA,NA,NA,NA,NA,NA,NA,NA,NA,NA,NA,NA,NA,NA,NA,NA,NA,NA,NA,NA,NA,NA,NA,NA,NA,NA,"1",NA,NA,"1",NA,NA,NA,NA,NA,NA,NA,NA,"1",NA,NA,NA,NA,NA,NA,NA,NA,NA,NA,NA,NA,NA,NA,NA
"Crinia_tinnula",NA,NA,NA,NA,NA,NA,NA,"1",NA,NA,NA,NA,NA,NA,NA,NA,NA,NA,NA,NA,"1",NA,NA,NA,NA,NA,NA,NA,NA,NA,NA,NA,NA,NA,NA,"1",NA,NA,NA,NA,NA,NA,NA,NA,NA,NA,"1",NA,NA,NA,NA,"1",NA,NA,NA,NA,NA
"Cyclorana_alboguttata",NA,NA,NA,NA,NA,"1","1",NA,NA,"1",NA,NA,NA,NA,NA,NA,"1",NA,NA,NA,NA,NA,"1",NA,NA,NA,NA,NA,"1",NA,NA,NA,NA,NA,NA,NA,NA,NA,NA,NA,NA,NA,NA,NA,NA,NA,NA,NA,"1",NA,NA,NA,NA,NA,"1",NA,NA
"Cyclorana_australis",NA,NA,NA,NA,NA,NA,NA,NA,NA,NA,NA,"1",NA,NA,NA,NA,NA,NA,NA,NA,NA,NA,NA,NA,NA,NA,NA,NA,NA,NA,NA,NA,NA,NA,"1",NA,"1",NA,NA,NA,"1",NA,NA,NA,NA,NA,NA,NA,NA,"1",NA,NA,NA,NA,NA,NA,NA
"Cyclorana_brevipes",NA,NA,NA,NA,"1","1","1","1","1","1","1",NA,NA,NA,NA,NA,"1",NA,NA,NA,NA,NA,NA,NA,"1",NA,NA,NA,"1",NA,NA,NA,NA,NA,"1",NA,"1",NA,NA,NA,NA,NA,NA,NA,NA,NA,NA,NA,"1","1",NA,NA,NA,NA,"1","1",NA
"Cyclorana_cryptotis",NA,NA,NA,NA,NA,NA,NA,NA,"1",NA,NA,NA,NA,NA,NA,NA,NA,NA,NA,NA,NA,NA,NA,NA,NA,NA,NA,NA,NA,NA,NA,NA,NA,NA,NA,NA,"1",NA,NA,NA,"1",NA,NA,NA,NA,NA,NA,NA,NA,NA,NA,NA,NA,NA,NA,NA,NA
"Cyclorana_cultripes",NA,NA,NA,NA,NA,NA,NA,NA,NA,NA,NA,NA,NA,"1",NA,NA,NA,NA,NA,NA,NA,NA,NA,NA,NA,NA,NA,NA,"1",NA,NA,NA,NA,NA,NA,NA,"1",NA,NA,NA,"1",NA,"1",NA,NA,NA,NA,NA,NA,"1",NA,NA,NA,NA,"1",NA,NA
"Cyclorana_longipes",NA,NA,NA,NA,NA,NA,"1",NA,NA,NA,NA,NA,NA,NA,NA,NA,NA,NA,NA,NA,NA,NA,NA,NA,NA,NA,NA,NA,NA,NA,NA,NA,NA,NA,"1",NA,"1",NA,NA,NA,"1",NA,NA,NA,NA,NA,NA,NA,NA,NA,NA,NA,NA,NA,NA,NA,NA
"Cyclorana_maini",NA,NA,"1",NA,NA,NA,NA,NA,NA,NA,NA,NA,NA,"1",NA,NA,NA,NA,NA,NA,NA,NA,NA,NA,NA,NA,NA,NA,NA,NA,NA,NA,NA,NA,NA,NA,"1",NA,NA,NA,"1",NA,"1",NA,"1",NA,NA,NA,NA,NA,NA,NA,NA,NA,NA,NA,NA
"Cyclorana_novaehollandiae",NA,NA,NA,NA,"1","1","1","1","1",NA,"1","1",NA,"1",NA,NA,"1",NA,NA,NA,NA,NA,"1",NA,"1",NA,NA,NA,NA,NA,NA,NA,NA,NA,"1",NA,NA,NA,NA,NA,NA,NA,NA,NA,NA,NA,NA,NA,"1","1",NA,NA,NA,NA,"1","1",NA
"Cyclorana_platycephala",NA,NA,NA,NA,"1","1",NA,NA,NA,"1",NA,NA,NA,"1",NA,NA,NA,NA,NA,NA,NA,NA,"1",NA,NA,NA,NA,NA,"1",NA,NA,NA,NA,"1",NA,NA,"1",NA,NA,NA,"1",NA,"1",NA,NA,NA,NA,NA,"1",NA,NA,NA,NA,NA,"1",NA,NA
"Cyclorana_verrucosa",NA,NA,NA,NA,"1","1",NA,NA,NA,"1","1",NA,NA,NA,NA,NA,NA,NA,NA,NA,NA,NA,NA,NA,NA,NA,NA,NA,"1",NA,NA,NA,NA,NA,NA,NA,NA,NA,NA,NA,NA,NA,NA,NA,NA,NA,NA,NA,NA,NA,NA,NA,NA,NA,"1",NA,NA
"Geocrinia_laevis",NA,NA,NA,NA,NA,NA,NA,NA,NA,NA,NA,NA,"1",NA,"1",NA,NA,"1","1",NA,NA,NA,NA,NA,NA,NA,NA,NA,NA,"1",NA,NA,"1",NA,NA,NA,NA,NA,NA,"1",NA,"1",NA,NA,NA,"1",NA,NA,NA,NA,NA,NA,NA,"1",NA,NA,"1"
"Geocrinia_leai",NA,NA,NA,"1",NA,NA,NA,NA,NA,NA,NA,NA,NA,NA,NA,NA,NA,NA,NA,NA,NA,NA,NA,NA,NA,NA,NA,NA,NA,NA,NA,NA,NA,NA,NA,NA,NA,NA,"1",NA,NA,NA,NA,NA,"1",NA,NA,"1",NA,NA,NA,NA,NA,NA,NA,NA,NA
"Geocrinia_victoriana",NA,NA,NA,NA,NA,NA,NA,NA,NA,NA,NA,NA,"1",NA,"1",NA,NA,"1","1",NA,NA,NA,NA,NA,NA,NA,NA,NA,NA,NA,"1","1",NA,NA,NA,NA,NA,NA,NA,"1",NA,NA,NA,NA,NA,NA,NA,NA,NA,NA,"1",NA,NA,"1",NA,NA,"1"
"Heleioporus_albopunctatus",NA,NA,NA,"1",NA,NA,NA,NA,NA,NA,NA,NA,NA,NA,NA,NA,NA,NA,NA,NA,NA,NA,NA,NA,NA,NA,NA,NA,NA,NA,NA,NA,NA,"1",NA,NA,NA,NA,"1",NA,NA,NA,NA,NA,"1",NA,NA,"1",NA,NA,NA,NA,NA,NA,NA,NA,NA
"Heleioporus_australiacus",NA,NA,NA,NA,NA,NA,NA,NA,NA,NA,NA,NA,NA,NA,"1",NA,NA,NA,NA,"1","1",NA,NA,NA,NA,NA,"1","1",NA,NA,NA,NA,NA,NA,NA,NA,NA,NA,NA,NA,NA,NA,NA,NA,NA,NA,NA,NA,NA,NA,"1","1",NA,"1",NA,NA,NA
"Heleioporus_barycragus",NA,NA,NA,"1",NA,NA,NA,NA,NA,NA,NA,NA,NA,NA,NA,NA,NA,NA,NA,NA,NA,NA,NA,NA,NA,NA,NA,NA,NA,NA,NA,NA,NA,NA,NA,NA,NA,NA,"1",NA,NA,NA,NA,NA,"1",NA,NA,"1",NA,NA,NA,NA,NA,NA,NA,NA,NA
"Heleioporus_eyrei",NA,NA,NA,"1",NA,NA,NA,NA,NA,NA,NA,NA,NA,NA,NA,NA,NA,NA,NA,NA,NA,NA,NA,NA,NA,NA,NA,NA,NA,NA,NA,NA,NA,"1",NA,NA,NA,NA,"1",NA,NA,NA,NA,NA,"1",NA,NA,"1",NA,NA,NA,NA,NA,NA,NA,NA,NA
"Heleioporus_inornatus",NA,NA,NA,"1",NA,NA,NA,NA,NA,NA,NA,NA,NA,NA,NA,NA,NA,NA,NA,NA,NA,NA,NA,NA,NA,NA,NA,NA,NA,NA,NA,NA,NA,NA,NA,NA,NA,NA,"1",NA,NA,NA,NA,NA,"1",NA,NA,"1",NA,NA,NA,NA,NA,NA,NA,NA,NA
"Heleioporus_psammophilus",NA,NA,NA,"1",NA,NA,NA,NA,NA,NA,NA,NA,NA,NA,NA,NA,NA,NA,NA,NA,NA,NA,NA,NA,NA,NA,NA,NA,NA,NA,NA,NA,NA,"1",NA,NA,NA,NA,"1",NA,NA,NA,NA,NA,"1",NA,NA,"1",NA,NA,NA,NA,NA,NA,NA,NA,NA
"Lechriodus_fletcheri",NA,NA,NA,NA,NA,NA,NA,NA,NA,NA,NA,NA,NA,NA,NA,NA,NA,NA,NA,"1","1",NA,NA,NA,NA,NA,NA,NA,NA,NA,NA,NA,NA,NA,NA,"1",NA,NA,NA,NA,NA,NA,NA,NA,NA,NA,"1",NA,NA,NA,NA,NA,NA,NA,NA,NA,NA
"Limnodynastes_convexiusculus",NA,NA,NA,NA,NA,NA,"1",NA,"1",NA,NA,NA,NA,NA,NA,NA,"1",NA,NA,NA,NA,NA,NA,NA,"1",NA,NA,NA,NA,NA,NA,NA,NA,NA,"1",NA,"1",NA,NA,NA,"1",NA,NA,NA,NA,NA,NA,NA,NA,NA,NA,NA,NA,NA,NA,"1",NA
"Limnodynastes_depressus",NA,NA,NA,NA,NA,NA,NA,NA,NA,NA,NA,NA,NA,NA,NA,NA,NA,NA,NA,NA,NA,NA,NA,NA,NA,NA,NA,NA,NA,NA,NA,NA,NA,NA,NA,NA,"1",NA,NA,NA,"1",NA,NA,NA,NA,NA,NA,NA,NA,NA,NA,NA,NA,NA,NA,NA,NA
"Limnodynastes_dorsalis",NA,NA,NA,"1",NA,NA,NA,NA,NA,NA,NA,NA,NA,NA,NA,NA,NA,NA,NA,NA,NA,NA,NA,NA,NA,NA,NA,NA,NA,NA,NA,NA,NA,"1",NA,NA,NA,NA,"1",NA,"1",NA,NA,NA,"1",NA,NA,"1",NA,NA,NA,NA,NA,NA,NA,NA,NA
"Limnodynastes_dumerilii","1","1",NA,NA,"1","1",NA,"1",NA,"1","1",NA,"1",NA,"1","1",NA,"1","1","1","1","1","1","1",NA,"1","1","1","1","1","1","1","1",NA,NA,"1",NA,"1",NA,"1",NA,"1",NA,"1",NA,"1","1",NA,NA,NA,"1","1",NA,"1",NA,NA,"1"
"Limnodynastes_fletcheri",NA,"1",NA,NA,"1","1",NA,"1",NA,"1","1",NA,NA,NA,NA,NA,"1",NA,"1","1","1",NA,"1","1",NA,"1","1","1","1",NA,"1","1",NA,NA,NA,"1",NA,NA,NA,"1",NA,NA,NA,"1",NA,NA,"1",NA,"1",NA,NA,NA,NA,NA,"1",NA,"1"
"Limnodynastes_interioris",NA,NA,NA,NA,NA,"1",NA,NA,NA,"1",NA,NA,NA,NA,NA,NA,NA,NA,NA,NA,"1",NA,"1","1",NA,"1","1","1","1",NA,NA,"1",NA,NA,NA,NA,NA,NA,NA,NA,NA,NA,NA,NA,NA,NA,NA,NA,NA,NA,"1",NA,NA,NA,"1",NA,NA
"Limnodynastes_lignarius",NA,NA,NA,NA,NA,NA,NA,NA,NA,NA,NA,NA,NA,NA,NA,NA,NA,NA,NA,NA,NA,NA,NA,NA,NA,NA,NA,NA,NA,NA,NA,NA,NA,NA,NA,NA,"1",NA,NA,NA,"1",NA,NA,NA,NA,NA,NA,NA,NA,NA,NA,NA,NA,NA,NA,NA,NA
"Limnodynastes_ornatus",NA,NA,NA,NA,"1","1","1","1","1","1","1","1",NA,"1",NA,NA,"1",NA,NA,"1","1",NA,NA,NA,"1",NA,NA,NA,"1",NA,NA,NA,NA,NA,"1","1","1",NA,NA,NA,"1",NA,NA,NA,NA,NA,"1",NA,"1","1",NA,"1","1",NA,"1","1",NA
"Limnodynastes_peronii","1",NA,NA,NA,NA,"1","1","1","1","1",NA,"1","1",NA,"1",NA,"1","1","1","1","1",NA,"1",NA,"1",NA,"1","1","1","1","1","1","1",NA,"1","1",NA,NA,NA,"1",NA,NA,NA,NA,NA,"1","1",NA,NA,NA,"1","1",NA,"1",NA,"1",NA
"Limnodynastes_salmini",NA,NA,NA,NA,"1","1",NA,"1",NA,"1","1",NA,NA,NA,NA,NA,"1",NA,NA,NA,NA,NA,"1",NA,NA,NA,NA,NA,"1",NA,NA,NA,NA,NA,NA,"1",NA,NA,NA,NA,NA,NA,NA,NA,NA,NA,"1",NA,NA,NA,NA,NA,NA,NA,"1",NA,NA
"Limnodynastes_spenceri",NA,NA,"1",NA,NA,NA,NA,NA,NA,NA,NA,NA,NA,NA,NA,NA,NA,NA,NA,NA,NA,NA,NA,NA,NA,NA,NA,NA,NA,NA,NA,NA,NA,NA,NA,NA,"1",NA,NA,NA,"1",NA,NA,NA,NA,NA,NA,NA,NA,NA,NA,NA,NA,NA,NA,NA,NA
"Limnodynastes_tasmaniensis","1","1","1",NA,"1","1","1","1","1","1","1",NA,"1","1","1","1","1","1","1","1","1","1","1","1","1","1","1","1","1","1","1","1","1",NA,"1","1","1","1",NA,"1",NA,"1","1","1",NA,"1","1",NA,"1","1","1","1",NA,"1","1","1","1"
"Limnodynastes_terraereginae",NA,NA,NA,NA,"1","1","1","1","1","1","1",NA,NA,NA,NA,NA,"1",NA,NA,"1","1",NA,"1",NA,"1",NA,NA,NA,"1",NA,NA,NA,NA,NA,NA,"1",NA,NA,NA,NA,NA,NA,NA,NA,NA,NA,"1",NA,NA,NA,NA,NA,NA,NA,NA,"1",NA
"Litoria_adelaidensis",NA,NA,NA,"1",NA,NA,NA,NA,NA,NA,NA,NA,NA,NA,NA,NA,NA,NA,NA,NA,NA,NA,NA,NA,NA,NA,NA,NA,NA,NA,NA,NA,NA,"1",NA,NA,NA,NA,"1",NA,NA,NA,NA,NA,"1",NA,NA,"1",NA,NA,NA,NA,NA,NA,NA,NA,NA
"Litoria_alboguttata",NA,NA,NA,NA,"1",NA,"1","1","1","1","1",NA,NA,"1",NA,NA,"1",NA,NA,NA,NA,NA,NA,NA,"1",NA,NA,NA,NA,NA,NA,NA,NA,NA,"1",NA,"1",NA,NA,NA,NA,NA,NA,NA,NA,NA,"1",NA,"1",NA,NA,NA,NA,NA,NA,NA,NA
"Litoria_aurea","1",NA,NA,NA,NA,"1",NA,NA,NA,"1",NA,NA,NA,NA,"1",NA,NA,NA,"1","1","1",NA,"1",NA,NA,NA,NA,"1",NA,NA,NA,NA,NA,NA,NA,"1",NA,NA,NA,"1",NA,NA,NA,NA,NA,NA,NA,NA,NA,NA,"1","1",NA,NA,NA,NA,NA
"Litoria_australis",NA,NA,NA,NA,NA,NA,NA,NA,NA,NA,NA,NA,NA,NA,NA,NA,NA,NA,NA,NA,NA,NA,NA,NA,NA,NA,NA,NA,NA,NA,NA,NA,NA,NA,NA,NA,"1",NA,NA,NA,NA,NA,NA,NA,NA,NA,NA,NA,NA,"1",NA,NA,NA,NA,NA,NA,NA
"Litoria_bicolor",NA,NA,NA,NA,NA,NA,"1",NA,"1",NA,NA,"1",NA,NA,NA,NA,"1",NA,NA,NA,NA,NA,NA,NA,NA,NA,NA,NA,NA,NA,NA,NA,NA,NA,"1",NA,"1",NA,NA,NA,"1",NA,NA,NA,NA,NA,NA,NA,NA,NA,NA,NA,"1",NA,NA,"1",NA
"Litoria_booroolongensis","1",NA,NA,NA,NA,"1",NA,NA,NA,"1",NA,NA,NA,NA,NA,NA,NA,NA,NA,"1","1",NA,"1",NA,NA,NA,"1","1","1",NA,NA,"1",NA,NA,NA,"1",NA,NA,NA,NA,NA,NA,NA,NA,NA,NA,NA,NA,NA,NA,"1","1",NA,NA,NA,NA,NA
"Litoria_brevipalmata",NA,NA,NA,NA,NA,NA,NA,"1",NA,NA,NA,NA,NA,NA,NA,NA,NA,NA,NA,NA,"1",NA,NA,NA,NA,NA,NA,NA,NA,NA,NA,NA,NA,NA,NA,"1",NA,NA,NA,NA,NA,NA,NA,NA,NA,NA,"1",NA,NA,NA,NA,"1",NA,NA,NA,NA,NA
"Litoria_burrowsae",NA,NA,NA,NA,NA,NA,NA,NA,NA,NA,NA,NA,NA,NA,NA,NA,NA,NA,NA,NA,NA,NA,NA,NA,NA,NA,NA,NA,NA,"1",NA,NA,"1",NA,NA,NA,NA,NA,NA,NA,NA,"1",NA,NA,NA,NA,NA,NA,NA,NA,NA,NA,NA,NA,NA,NA,NA
"Litoria_caerulea",NA,NA,NA,NA,"1","1","1","1","1","1","1","1",NA,"1",NA,NA,"1",NA,NA,"1","1",NA,"1","1","1",NA,NA,"1","1",NA,NA,NA,NA,NA,"1","1","1",NA,NA,NA,"1",NA,"1",NA,NA,NA,"1",NA,"1","1","1","1","1",NA,"1","1",NA
"Litoria_castanea","1",NA,NA,NA,NA,"1",NA,NA,NA,NA,NA,NA,NA,NA,NA,NA,NA,NA,NA,NA,NA,NA,"1",NA,NA,NA,"1","1",NA,NA,NA,NA,NA,NA,NA,"1",NA,NA,NA,NA,NA,NA,NA,NA,NA,NA,NA,NA,NA,NA,"1",NA,NA,NA,NA,NA,NA
"Litoria_chloris",NA,NA,NA,NA,NA,NA,"1","1",NA,NA,NA,NA,NA,NA,NA,NA,"1",NA,NA,"1","1",NA,NA,NA,"1",NA,NA,NA,NA,NA,NA,NA,NA,NA,NA,"1",NA,NA,NA,NA,NA,NA,NA,NA,NA,NA,"1",NA,NA,NA,"1",NA,NA,NA,NA,NA,NA
"Litoria_citropa","1",NA,NA,NA,NA,NA,NA,NA,NA,"1",NA,NA,NA,NA,"1",NA,NA,NA,NA,"1","1",NA,NA,NA,NA,NA,NA,NA,NA,NA,NA,NA,NA,NA,NA,NA,NA,NA,NA,NA,NA,NA,NA,NA,NA,NA,NA,NA,NA,NA,"1","1",NA,"1",NA,NA,NA
"Litoria_cooloolensis",NA,NA,NA,NA,NA,NA,NA,"1",NA,NA,NA,NA,NA,NA,NA,NA,"1",NA,NA,NA,NA,NA,NA,NA,NA,NA,NA,NA,NA,NA,NA,NA,NA,NA,NA,NA,NA,NA,NA,NA,NA,NA,NA,NA,NA,NA,"1",NA,NA,NA,NA,NA,NA,NA,NA,NA,NA
"Litoria_coplandi",NA,NA,NA,NA,NA,NA,NA,NA,NA,NA,NA,NA,NA,NA,NA,NA,NA,NA,NA,NA,NA,NA,NA,NA,NA,NA,NA,NA,NA,NA,NA,NA,NA,NA,NA,NA,"1",NA,NA,NA,"1",NA,NA,NA,NA,NA,NA,NA,NA,"1",NA,NA,NA,NA,NA,NA,NA
"Litoria_cryptotis",NA,NA,NA,NA,NA,NA,NA,NA,NA,NA,NA,NA,NA,NA,NA,NA,NA,NA,NA,NA,NA,NA,NA,NA,NA,NA,NA,NA,NA,NA,NA,NA,NA,NA,NA,NA,"1",NA,NA,NA,NA,NA,NA,NA,NA,NA,NA,NA,NA,NA,NA,NA,NA,NA,NA,NA,NA
"Litoria_cultripes",NA,NA,NA,NA,NA,NA,NA,NA,NA,NA,NA,NA,NA,NA,NA,NA,NA,NA,NA,NA,NA,NA,NA,NA,NA,NA,NA,NA,NA,NA,NA,NA,NA,NA,NA,NA,"1",NA,NA,NA,NA,NA,NA,NA,NA,NA,NA,NA,NA,NA,NA,NA,NA,NA,NA,NA,NA
"Litoria_cyclorhyncha",NA,NA,NA,"1",NA,NA,NA,NA,NA,NA,NA,NA,NA,NA,NA,NA,NA,NA,NA,NA,NA,NA,NA,NA,NA,NA,NA,NA,NA,NA,NA,NA,NA,NA,NA,NA,NA,NA,NA,NA,NA,NA,NA,NA,"1",NA,NA,"1",NA,NA,NA,NA,NA,NA,NA,NA,NA
"Litoria_dahlii",NA,NA,NA,NA,NA,NA,NA,NA,"1",NA,NA,"1",NA,NA,NA,NA,NA,NA,NA,NA,NA,NA,NA,NA,NA,NA,NA,NA,NA,NA,NA,NA,NA,NA,"1",NA,"1",NA,NA,NA,"1",NA,NA,NA,NA,NA,NA,NA,NA,NA,NA,NA,NA,NA,NA,NA,NA
"Litoria_daviesae",NA,NA,NA,NA,NA,NA,NA,NA,NA,NA,NA,NA,NA,NA,NA,NA,NA,NA,NA,NA,"1",NA,NA,NA,NA,NA,NA,NA,"1",NA,NA,NA,NA,NA,NA,"1",NA,NA,NA,NA,NA,NA,NA,NA,NA,NA,NA,NA,NA,NA,NA,NA,NA,NA,NA,NA,NA
"Litoria_dayi",NA,NA,NA,NA,NA,NA,NA,NA,"1",NA,NA,NA,NA,NA,NA,NA,NA,NA,NA,NA,NA,NA,NA,NA,NA,NA,NA,NA,NA,NA,NA,NA,NA,NA,NA,NA,NA,NA,NA,NA,NA,NA,NA,NA,NA,NA,NA,NA,NA,NA,NA,NA,NA,NA,NA,"1",NA
"Litoria_dentata",NA,NA,NA,NA,"1","1",NA,"1",NA,"1",NA,NA,NA,NA,"1",NA,"1",NA,NA,"1","1",NA,NA,NA,NA,NA,NA,NA,"1",NA,NA,NA,NA,NA,NA,"1",NA,NA,NA,NA,NA,NA,NA,NA,NA,NA,"1",NA,NA,NA,"1","1",NA,NA,NA,NA,NA
"Litoria_dorsalis",NA,NA,NA,NA,NA,NA,NA,NA,"1",NA,NA,NA,NA,NA,NA,NA,NA,NA,NA,NA,NA,NA,NA,NA,NA,NA,NA,NA,NA,NA,NA,NA,NA,NA,NA,NA,"1",NA,NA,NA,NA,NA,NA,NA,NA,NA,NA,NA,NA,NA,NA,NA,NA,NA,NA,NA,NA
"Litoria_eucnemis",NA,NA,NA,NA,NA,NA,NA,NA,"1",NA,NA,NA,NA,NA,NA,NA,NA,NA,NA,NA,NA,NA,NA,NA,NA,NA,NA,NA,NA,NA,NA,NA,NA,NA,"1",NA,NA,NA,NA,NA,NA,NA,NA,NA,NA,NA,NA,NA,NA,NA,NA,NA,NA,NA,NA,"1",NA
"Litoria_ewingii","1","1",NA,NA,NA,"1",NA,NA,NA,"1",NA,NA,"1",NA,"1","1",NA,"1","1","1","1","1","1",NA,NA,"1","1","1","1","1","1","1","1",NA,NA,"1",NA,"1",NA,"1",NA,"1","1","1",NA,"1",NA,NA,NA,NA,"1","1",NA,"1",NA,NA,"1"
"Litoria_fallax",NA,NA,NA,NA,"1","1","1","1","1",NA,"1",NA,NA,NA,NA,NA,"1",NA,"1","1","1",NA,NA,NA,"1",NA,NA,NA,"1",NA,NA,NA,NA,NA,NA,"1",NA,NA,NA,NA,NA,NA,NA,NA,NA,NA,"1",NA,NA,NA,"1","1",NA,NA,NA,"1",NA
"Litoria_freycineti",NA,NA,NA,NA,NA,"1",NA,"1",NA,"1",NA,NA,NA,NA,NA,NA,"1",NA,NA,"1","1",NA,NA,NA,NA,NA,NA,NA,NA,NA,NA,NA,NA,NA,NA,"1",NA,NA,NA,NA,NA,NA,NA,NA,NA,NA,"1",NA,NA,NA,"1","1",NA,NA,NA,NA,NA
"Litoria_genimaculata",NA,NA,NA,NA,NA,NA,"1",NA,"1",NA,NA,"1",NA,NA,NA,NA,NA,NA,NA,NA,NA,NA,NA,NA,NA,NA,NA,NA,NA,NA,NA,NA,NA,NA,"1",NA,NA,NA,NA,NA,NA,NA,NA,NA,NA,NA,NA,NA,NA,NA,NA,NA,NA,NA,NA,"1",NA
"Litoria_gilleni",NA,NA,NA,NA,NA,NA,NA,NA,NA,NA,NA,NA,NA,NA,NA,NA,NA,NA,NA,NA,NA,NA,NA,NA,NA,NA,NA,NA,NA,NA,NA,NA,NA,NA,NA,NA,"1",NA,NA,NA,NA,NA,NA,NA,NA,NA,NA,NA,NA,NA,NA,NA,NA,NA,NA,NA,NA
"Litoria_gracilenta",NA,NA,NA,NA,NA,NA,"1","1","1",NA,"1",NA,NA,NA,NA,NA,"1",NA,NA,"1","1",NA,NA,NA,"1",NA,NA,NA,NA,NA,NA,NA,NA,NA,"1","1",NA,NA,NA,NA,NA,NA,NA,NA,NA,NA,"1",NA,NA,NA,NA,"1","1",NA,NA,"1",NA
"Litoria_inermis",NA,NA,NA,NA,"1",NA,"1","1","1",NA,NA,"1",NA,"1",NA,NA,"1",NA,NA,NA,NA,NA,NA,NA,"1",NA,NA,NA,NA,NA,NA,NA,NA,NA,"1",NA,"1",NA,NA,NA,"1",NA,NA,NA,NA,NA,NA,NA,NA,"1",NA,NA,NA,NA,NA,"1",NA
"Litoria_infrafrenata",NA,NA,NA,NA,NA,NA,NA,NA,"1",NA,NA,"1",NA,NA,NA,NA,NA,NA,NA,NA,NA,NA,NA,NA,"1",NA,NA,NA,NA,NA,NA,NA,NA,NA,NA,NA,NA,NA,NA,NA,NA,NA,NA,NA,NA,NA,NA,NA,NA,NA,NA,NA,NA,NA,NA,"1",NA
"Litoria_jervisiensis","1",NA,NA,NA,NA,"1",NA,NA,NA,NA,NA,NA,NA,NA,"1",NA,NA,NA,NA,"1","1",NA,NA,NA,NA,NA,NA,NA,NA,NA,NA,NA,NA,NA,NA,"1",NA,NA,NA,NA,NA,NA,NA,NA,NA,NA,NA,NA,NA,NA,"1","1",NA,NA,NA,NA,NA
"Litoria_latopalmata",NA,NA,NA,NA,"1","1","1","1","1","1","1",NA,NA,"1",NA,NA,"1",NA,NA,"1","1",NA,"1",NA,"1",NA,NA,"1","1",NA,NA,NA,NA,NA,"1","1","1",NA,NA,NA,NA,NA,"1",NA,NA,NA,"1",NA,"1",NA,"1","1",NA,NA,"1",NA,NA
"Litoria_lesueuri","1",NA,NA,NA,NA,NA,NA,NA,NA,"1",NA,NA,"1",NA,"1",NA,NA,NA,"1","1","1",NA,"1",NA,NA,NA,"1","1",NA,NA,"1","1",NA,NA,NA,NA,NA,NA,NA,"1",NA,NA,NA,NA,NA,NA,NA,NA,NA,NA,"1","1",NA,"1",NA,NA,NA
"Litoria_littlejohni",NA,NA,NA,NA,NA,NA,NA,NA,NA,NA,NA,NA,NA,NA,"1",NA,NA,NA,NA,"1","1",NA,NA,NA,NA,NA,NA,NA,NA,NA,NA,NA,NA,NA,NA,NA,NA,NA,NA,NA,NA,NA,NA,NA,NA,NA,NA,NA,NA,NA,"1","1",NA,NA,NA,NA,NA
"Litoria_longipes",NA,NA,NA,NA,NA,NA,NA,NA,NA,NA,NA,NA,NA,NA,NA,NA,NA,NA,NA,NA,NA,NA,NA,NA,NA,NA,NA,NA,NA,NA,NA,NA,NA,NA,NA,NA,"1",NA,NA,NA,NA,NA,NA,NA,NA,NA,NA,NA,NA,NA,NA,NA,NA,NA,NA,NA,NA
"Litoria_maculosa",NA,NA,NA,NA,NA,NA,NA,NA,NA,NA,NA,NA,NA,NA,NA,NA,NA,NA,NA,NA,NA,NA,NA,NA,NA,NA,NA,NA,NA,NA,NA,NA,NA,NA,NA,NA,"1",NA,NA,NA,NA,NA,NA,NA,NA,NA,NA,NA,NA,NA,NA,NA,NA,NA,NA,NA,NA
"Litoria_maini",NA,NA,NA,NA,NA,NA,NA,NA,NA,NA,NA,NA,NA,NA,NA,NA,NA,NA,NA,NA,NA,NA,NA,NA,NA,NA,NA,NA,NA,NA,NA,NA,NA,NA,NA,NA,"1",NA,NA,NA,NA,NA,NA,NA,NA,NA,NA,NA,NA,NA,NA,NA,NA,NA,NA,NA,NA
"Litoria_meiriana",NA,NA,NA,NA,NA,NA,NA,NA,NA,NA,NA,NA,NA,NA,NA,NA,NA,NA,NA,NA,NA,NA,NA,NA,NA,NA,NA,NA,NA,NA,NA,NA,NA,NA,NA,NA,"1",NA,NA,NA,"1",NA,NA,NA,NA,NA,NA,NA,NA,NA,NA,NA,NA,NA,NA,NA,NA
"Litoria_microbelos",NA,NA,NA,NA,NA,NA,NA,NA,"1",NA,NA,NA,NA,NA,NA,NA,NA,NA,NA,NA,NA,NA,NA,NA,NA,NA,NA,NA,NA,NA,NA,NA,NA,NA,NA,NA,"1",NA,NA,NA,"1",NA,NA,NA,NA,NA,NA,NA,NA,NA,NA,NA,NA,NA,NA,"1",NA
"Litoria_moorei",NA,NA,NA,"1",NA,NA,NA,NA,NA,NA,NA,NA,NA,NA,NA,NA,NA,NA,NA,NA,NA,NA,NA,NA,NA,NA,NA,NA,NA,NA,NA,NA,NA,"1",NA,NA,NA,NA,"1",NA,NA,NA,NA,NA,"1",NA,NA,"1",NA,NA,NA,NA,NA,NA,NA,NA,NA
"Litoria_nannotis",NA,NA,NA,NA,NA,NA,"1",NA,"1",NA,NA,NA,NA,NA,NA,NA,NA,NA,NA,NA,NA,NA,NA,NA,NA,NA,NA,NA,NA,NA,NA,NA,NA,NA,"1",NA,NA,NA,NA,NA,NA,NA,NA,NA,NA,NA,NA,NA,NA,NA,NA,NA,NA,NA,NA,"1",NA
"Litoria_nasuta",NA,NA,NA,NA,"1",NA,"1","1","1","1",NA,"1",NA,NA,NA,NA,"1",NA,NA,"1","1",NA,NA,NA,"1",NA,NA,"1","1",NA,NA,NA,NA,NA,"1","1","1",NA,NA,NA,"1",NA,NA,NA,NA,NA,"1",NA,NA,NA,NA,"1","1",NA,NA,"1",NA
"Litoria_nigrofrenata",NA,NA,NA,NA,NA,NA,NA,NA,"1",NA,NA,NA,NA,NA,NA,NA,NA,NA,NA,NA,NA,NA,NA,NA,NA,NA,NA,NA,NA,NA,NA,NA,NA,NA,NA,NA,NA,NA,NA,NA,NA,NA,NA,NA,NA,NA,NA,NA,NA,NA,NA,NA,"1",NA,NA,NA,NA
"Litoria_novaehollandiae",NA,NA,NA,NA,NA,NA,"1",NA,"1",NA,NA,NA,NA,NA,NA,NA,NA,NA,NA,NA,NA,NA,NA,NA,NA,NA,NA,NA,NA,NA,NA,NA,NA,NA,"1",NA,NA,NA,NA,NA,NA,NA,NA,NA,NA,NA,NA,NA,NA,NA,NA,NA,NA,NA,NA,NA,NA
"Litoria_nudidigita",NA,NA,NA,NA,NA,NA,NA,NA,NA,NA,NA,NA,NA,NA,"1",NA,NA,NA,NA,"1",NA,NA,"1",NA,NA,NA,"1",NA,NA,NA,NA,NA,NA,NA,NA,NA,NA,NA,NA,NA,NA,NA,NA,NA,NA,NA,NA,NA,NA,NA,"1","1",NA,NA,NA,NA,NA
"Litoria_nyakalensis",NA,NA,NA,NA,NA,NA,NA,NA,NA,NA,NA,NA,NA,NA,NA,NA,NA,NA,NA,NA,NA,NA,NA,NA,NA,NA,NA,NA,NA,NA,NA,NA,NA,NA,"1",NA,NA,NA,NA,NA,NA,NA,NA,NA,NA,NA,NA,NA,NA,NA,NA,NA,NA,NA,NA,"1",NA
"Litoria_olongburensis",NA,NA,NA,NA,NA,NA,NA,"1",NA,NA,NA,NA,NA,NA,NA,NA,NA,NA,NA,NA,NA,NA,NA,NA,NA,NA,NA,NA,NA,NA,NA,NA,NA,NA,NA,"1",NA,NA,NA,NA,NA,NA,NA,NA,NA,NA,"1",NA,NA,NA,NA,NA,NA,NA,NA,NA,NA
"Litoria_pallida",NA,NA,NA,NA,NA,NA,"1",NA,"1",NA,NA,"1",NA,NA,NA,NA,NA,NA,NA,NA,NA,NA,NA,NA,NA,NA,NA,NA,NA,NA,NA,NA,NA,NA,"1",NA,"1",NA,NA,NA,"1",NA,NA,NA,NA,NA,NA,NA,NA,"1",NA,NA,NA,NA,NA,"1",NA
"Litoria_paraewingi",NA,NA,NA,NA,NA,NA,NA,NA,NA,NA,NA,NA,NA,NA,NA,NA,NA,NA,"1",NA,NA,NA,NA,NA,NA,NA,"1",NA,NA,NA,NA,"1",NA,NA,NA,NA,NA,NA,NA,"1",NA,NA,NA,NA,NA,NA,NA,NA,NA,NA,"1",NA,NA,NA,NA,NA,NA
"Litoria_pearsoniana",NA,NA,NA,NA,NA,NA,NA,"1",NA,NA,"1",NA,NA,NA,NA,NA,"1",NA,NA,NA,"1",NA,NA,NA,NA,NA,NA,NA,NA,NA,NA,NA,NA,NA,NA,"1",NA,NA,NA,NA,NA,NA,NA,NA,NA,NA,"1",NA,NA,NA,"1",NA,NA,NA,NA,NA,NA
"Litoria_peronii","1","1",NA,NA,"1","1",NA,"1",NA,"1","1",NA,NA,NA,"1",NA,"1",NA,"1","1","1",NA,"1","1",NA,"1","1","1","1",NA,"1","1",NA,NA,NA,"1",NA,NA,NA,"1",NA,NA,NA,"1",NA,"1","1",NA,"1",NA,"1","1",NA,"1","1",NA,NA
"Litoria_personata",NA,NA,NA,NA,NA,NA,NA,NA,NA,NA,NA,NA,NA,NA,NA,NA,NA,NA,NA,NA,NA,NA,NA,NA,NA,NA,NA,NA,NA,NA,NA,NA,NA,NA,NA,NA,"1",NA,NA,NA,NA,NA,NA,NA,NA,NA,NA,NA,NA,NA,NA,NA,NA,NA,NA,NA,NA
"Litoria_phyllochroa",NA,NA,NA,NA,NA,"1",NA,NA,NA,"1",NA,NA,NA,NA,NA,NA,NA,NA,NA,"1","1",NA,"1",NA,NA,NA,"1","1",NA,NA,NA,NA,NA,NA,NA,"1",NA,NA,NA,NA,NA,NA,NA,NA,NA,NA,NA,NA,NA,NA,"1","1",NA,NA,NA,NA,NA
"Litoria_piperata",NA,NA,NA,NA,NA,"1",NA,NA,NA,NA,NA,NA,NA,NA,NA,NA,NA,NA,NA,NA,NA,NA,NA,NA,NA,NA,NA,NA,NA,NA,NA,NA,NA,NA,NA,"1",NA,NA,NA,NA,NA,NA,NA,NA,NA,NA,NA,NA,NA,NA,NA,NA,NA,NA,NA,NA,NA
"Litoria_platycephala",NA,NA,NA,NA,NA,NA,NA,NA,NA,NA,NA,NA,NA,NA,NA,NA,NA,NA,NA,NA,NA,NA,NA,NA,NA,NA,NA,NA,NA,NA,NA,NA,NA,NA,NA,NA,"1",NA,NA,NA,NA,NA,NA,NA,NA,NA,NA,NA,NA,NA,NA,NA,NA,NA,NA,NA,NA
"Litoria_raniformis","1","1",NA,NA,NA,NA,NA,NA,NA,"1",NA,NA,"1",NA,"1",NA,NA,"1","1",NA,NA,"1","1","1",NA,"1","1","1",NA,"1","1","1","1",NA,NA,NA,NA,NA,NA,"1",NA,"1",NA,"1",NA,"1",NA,NA,NA,NA,"1","1",NA,"1",NA,NA,"1"
"Litoria_revelata",NA,NA,NA,NA,NA,NA,NA,NA,NA,NA,"1",NA,NA,NA,NA,NA,NA,NA,NA,NA,"1",NA,NA,NA,"1",NA,NA,NA,NA,NA,NA,NA,NA,NA,NA,"1",NA,NA,NA,NA,NA,NA,NA,NA,NA,NA,"1",NA,NA,NA,NA,NA,NA,NA,NA,"1",NA
"Litoria_rheocola",NA,NA,NA,NA,NA,NA,"1",NA,"1",NA,NA,NA,NA,NA,NA,NA,NA,NA,NA,NA,NA,NA,NA,NA,NA,NA,NA,NA,NA,NA,NA,NA,NA,NA,"1",NA,NA,NA,NA,NA,NA,NA,NA,NA,NA,NA,NA,NA,NA,NA,NA,NA,NA,NA,NA,"1",NA
"Litoria_rothii",NA,NA,NA,NA,NA,NA,"1",NA,"1",NA,NA,"1",NA,NA,NA,NA,"1",NA,NA,NA,NA,NA,NA,NA,"1",NA,NA,NA,NA,NA,NA,NA,NA,NA,"1",NA,"1",NA,NA,NA,"1",NA,NA,NA,NA,NA,"1",NA,NA,"1",NA,NA,NA,NA,NA,"1",NA
"Litoria_rubella",NA,NA,"1",NA,"1","1","1","1","1","1","1","1",NA,"1",NA,NA,"1",NA,NA,"1",NA,NA,"1",NA,"1",NA,NA,"1","1",NA,NA,NA,NA,"1","1","1","1",NA,NA,NA,"1",NA,"1",NA,NA,NA,"1",NA,"1","1",NA,"1","1",NA,"1","1",NA
"Litoria_spenceri",NA,NA,NA,NA,NA,NA,NA,NA,NA,NA,NA,NA,NA,NA,"1",NA,NA,NA,"1",NA,NA,NA,NA,NA,NA,NA,"1","1",NA,NA,NA,"1",NA,NA,NA,NA,NA,NA,NA,"1",NA,NA,NA,NA,NA,NA,NA,NA,NA,NA,NA,NA,NA,"1",NA,NA,NA
"Litoria_splendida",NA,NA,NA,NA,NA,NA,NA,NA,NA,NA,NA,NA,NA,NA,NA,NA,NA,NA,NA,NA,NA,NA,NA,NA,NA,NA,NA,NA,NA,NA,NA,NA,NA,NA,NA,NA,"1",NA,NA,NA,"1",NA,NA,NA,NA,NA,NA,NA,NA,NA,NA,NA,NA,NA,NA,NA,NA
"Litoria_subglandulosa",NA,NA,NA,NA,NA,"1",NA,NA,NA,NA,NA,NA,NA,NA,NA,NA,NA,NA,NA,NA,"1",NA,NA,NA,NA,NA,NA,NA,"1",NA,NA,NA,NA,NA,NA,"1",NA,NA,NA,NA,NA,NA,NA,NA,NA,NA,NA,NA,NA,NA,NA,NA,NA,NA,NA,NA,NA
"Litoria_tornieri",NA,NA,NA,NA,NA,NA,NA,NA,NA,NA,NA,NA,NA,NA,NA,NA,NA,NA,NA,NA,NA,NA,NA,NA,NA,NA,NA,NA,NA,NA,NA,NA,NA,NA,NA,NA,"1",NA,NA,NA,"1",NA,NA,NA,NA,NA,NA,NA,NA,NA,NA,NA,NA,NA,NA,NA,NA
"Litoria_tyleri",NA,NA,NA,NA,NA,"1",NA,"1",NA,NA,"1",NA,NA,NA,"1",NA,"1",NA,NA,"1","1",NA,NA,NA,NA,NA,NA,NA,NA,NA,NA,NA,NA,NA,NA,"1",NA,NA,NA,NA,NA,NA,NA,NA,NA,NA,"1",NA,NA,NA,"1","1",NA,NA,NA,NA,NA
"Litoria_verreauxii","1",NA,NA,NA,"1","1",NA,"1",NA,"1","1",NA,"1",NA,"1",NA,NA,NA,"1","1","1",NA,"1",NA,NA,NA,"1","1","1","1","1","1",NA,NA,NA,"1",NA,NA,NA,"1",NA,NA,NA,NA,NA,NA,"1",NA,NA,NA,"1","1",NA,"1",NA,NA,"1"
"Litoria_watjulumensis",NA,NA,NA,NA,NA,NA,NA,NA,NA,NA,NA,NA,NA,NA,NA,NA,NA,NA,NA,NA,NA,NA,NA,NA,NA,NA,NA,NA,NA,NA,NA,NA,NA,NA,"1",NA,"1",NA,NA,NA,"1",NA,NA,NA,NA,NA,NA,NA,NA,"1",NA,NA,NA,NA,NA,NA,NA
"Litoria_wilcoxii",NA,NA,NA,NA,"1","1","1","1",NA,"1","1",NA,NA,NA,NA,NA,"1",NA,NA,"1","1",NA,NA,NA,"1",NA,NA,NA,NA,NA,NA,NA,NA,NA,NA,"1",NA,NA,NA,NA,NA,NA,NA,NA,NA,NA,"1",NA,NA,NA,"1","1",NA,NA,NA,"1",NA
"Litoria_xanthomera",NA,NA,NA,NA,NA,NA,NA,NA,"1",NA,NA,NA,NA,NA,NA,NA,NA,NA,NA,NA,NA,NA,NA,NA,NA,NA,NA,NA,NA,NA,NA,NA,NA,NA,"1",NA,NA,NA,NA,NA,NA,NA,NA,NA,NA,NA,NA,NA,NA,NA,NA,NA,NA,NA,NA,"1",NA
"Mixophyes_balbus",NA,NA,NA,NA,NA,NA,NA,NA,NA,NA,NA,NA,NA,NA,"1",NA,NA,NA,NA,"1","1",NA,"1",NA,NA,NA,NA,NA,NA,NA,NA,NA,NA,NA,NA,"1",NA,NA,NA,NA,NA,NA,NA,NA,NA,NA,NA,NA,NA,NA,"1","1",NA,NA,NA,NA,NA
"Mixophyes_fasciolatus",NA,NA,NA,NA,NA,NA,"1","1",NA,NA,"1",NA,NA,NA,NA,NA,"1",NA,NA,"1","1",NA,NA,NA,"1",NA,NA,NA,NA,NA,NA,NA,NA,NA,NA,"1",NA,NA,NA,NA,NA,NA,NA,NA,NA,NA,"1",NA,NA,NA,"1","1",NA,NA,NA,NA,NA
"Mixophyes_fleayi",NA,NA,NA,NA,NA,NA,NA,"1",NA,NA,"1",NA,NA,NA,NA,NA,NA,NA,NA,NA,NA,NA,NA,NA,NA,NA,NA,NA,NA,NA,NA,NA,NA,NA,NA,"1",NA,NA,NA,NA,NA,NA,NA,NA,NA,NA,"1",NA,NA,NA,NA,NA,NA,NA,NA,NA,NA
"Mixophyes_iteratus",NA,NA,NA,NA,NA,NA,NA,"1",NA,NA,"1",NA,NA,NA,NA,NA,NA,NA,NA,"1","1",NA,NA,NA,NA,NA,NA,NA,NA,NA,NA,NA,NA,NA,NA,"1",NA,NA,NA,NA,NA,NA,NA,NA,NA,NA,"1",NA,NA,NA,"1",NA,NA,NA,NA,NA,NA
"Mixophyes_schevilli",NA,NA,NA,NA,NA,NA,"1",NA,NA,NA,NA,NA,NA,NA,NA,NA,NA,NA,NA,NA,NA,NA,NA,NA,NA,NA,NA,NA,NA,NA,NA,NA,NA,NA,"1",NA,NA,NA,NA,NA,NA,NA,NA,NA,NA,NA,NA,NA,NA,NA,NA,NA,NA,NA,NA,"1",NA
"Neobatrachus_albipes",NA,NA,NA,"1",NA,NA,NA,NA,NA,NA,NA,NA,NA,NA,NA,NA,NA,NA,NA,NA,NA,NA,NA,NA,NA,NA,NA,NA,NA,NA,NA,NA,NA,NA,NA,NA,NA,NA,NA,NA,"1",NA,NA,NA,"1",NA,NA,"1",NA,NA,NA,NA,NA,NA,NA,NA,NA
"Neobatrachus_aquilonius",NA,NA,NA,NA,NA,NA,NA,NA,NA,NA,NA,NA,NA,NA,NA,NA,NA,NA,NA,NA,NA,NA,NA,NA,NA,NA,NA,NA,NA,NA,NA,NA,NA,NA,NA,NA,"1",NA,NA,NA,"1",NA,NA,NA,NA,NA,NA,NA,NA,NA,NA,NA,NA,NA,NA,NA,NA
"Neobatrachus_centralis",NA,NA,"1",NA,NA,NA,NA,NA,NA,NA,NA,NA,NA,"1",NA,"1",NA,NA,NA,NA,NA,NA,NA,"1",NA,"1",NA,NA,NA,NA,NA,NA,NA,NA,NA,NA,"1","1",NA,NA,"1",NA,"1","1",NA,NA,NA,NA,NA,NA,NA,NA,NA,NA,"1",NA,"1"
"Neobatrachus_kunapalari",NA,NA,NA,"1",NA,NA,NA,NA,NA,NA,NA,NA,NA,NA,NA,NA,NA,NA,NA,NA,NA,NA,NA,NA,NA,NA,NA,NA,NA,NA,NA,NA,NA,"1",NA,NA,NA,NA,NA,NA,"1",NA,NA,NA,"1",NA,NA,"1",NA,NA,NA,NA,NA,NA,NA,NA,NA
"Neobatrachus_pelobatoides",NA,NA,NA,"1",NA,NA,NA,NA,NA,NA,NA,NA,NA,NA,NA,NA,NA,NA,NA,NA,NA,NA,NA,NA,NA,NA,NA,NA,NA,NA,NA,NA,NA,"1",NA,NA,NA,NA,"1",NA,"1",NA,NA,NA,"1",NA,NA,"1",NA,NA,NA,NA,NA,NA,NA,NA,NA
"Neobatrachus_pictus",NA,"1","1",NA,NA,NA,NA,NA,NA,NA,NA,NA,NA,NA,NA,"1",NA,"1",NA,NA,NA,"1","1","1",NA,"1","1",NA,NA,NA,"1",NA,NA,NA,NA,NA,NA,"1",NA,"1",NA,NA,"1","1",NA,"1",NA,NA,NA,NA,NA,NA,NA,NA,"1",NA,"1"
"Neobatrachus_sudelli",NA,"1",NA,NA,"1","1",NA,NA,NA,"1","1",NA,"1",NA,NA,NA,"1","1","1","1",NA,"1","1","1",NA,"1","1","1","1",NA,"1","1",NA,NA,NA,"1",NA,"1",NA,"1",NA,NA,"1","1",NA,"1",NA,NA,NA,NA,NA,NA,NA,NA,"1",NA,"1"
"Neobatrachus_sutor",NA,NA,"1","1",NA,NA,NA,NA,NA,NA,NA,NA,NA,NA,NA,NA,NA,NA,NA,NA,NA,NA,NA,NA,NA,NA,NA,NA,NA,NA,NA,NA,NA,"1",NA,NA,"1",NA,NA,NA,"1",NA,"1",NA,"1",NA,NA,NA,NA,NA,NA,NA,NA,NA,NA,NA,NA
"Notaden_bennettii",NA,NA,NA,NA,"1","1",NA,NA,NA,"1","1",NA,NA,NA,NA,NA,NA,NA,NA,NA,NA,NA,"1",NA,NA,NA,"1","1","1",NA,NA,NA,NA,NA,NA,"1",NA,NA,NA,NA,NA,NA,NA,NA,NA,NA,NA,NA,"1",NA,NA,NA,NA,NA,"1",NA,NA
"Notaden_melanoscaphus",NA,NA,NA,NA,NA,NA,NA,NA,"1",NA,NA,NA,NA,NA,NA,NA,NA,NA,NA,NA,NA,NA,NA,NA,NA,NA,NA,NA,NA,NA,NA,NA,NA,NA,"1",NA,"1",NA,NA,NA,"1",NA,NA,NA,NA,NA,NA,NA,NA,"1",NA,NA,NA,NA,NA,NA,NA
"Notaden_nichollsi",NA,NA,"1",NA,NA,NA,NA,NA,NA,NA,NA,NA,NA,"1",NA,NA,NA,NA,NA,NA,NA,NA,NA,NA,NA,NA,NA,NA,NA,NA,NA,NA,NA,NA,NA,NA,"1",NA,NA,NA,"1",NA,NA,NA,NA,NA,NA,NA,NA,NA,NA,NA,NA,NA,NA,NA,NA
"Nyctimystes_dayi",NA,NA,NA,NA,NA,NA,"1",NA,"1",NA,NA,NA,NA,NA,NA,NA,NA,NA,NA,NA,NA,NA,NA,NA,NA,NA,NA,NA,NA,NA,NA,NA,NA,NA,NA,NA,NA,NA,NA,NA,NA,NA,NA,NA,NA,NA,NA,NA,NA,NA,NA,NA,NA,NA,NA,"1",NA
"Philoria_frosti",NA,NA,NA,NA,NA,NA,NA,NA,NA,NA,NA,NA,NA,NA,NA,NA,NA,NA,NA,NA,NA,NA,NA,NA,NA,NA,NA,NA,NA,NA,NA,NA,NA,NA,NA,NA,NA,NA,NA,NA,NA,NA,NA,NA,NA,NA,NA,NA,NA,NA,NA,NA,NA,"1",NA,NA,NA
"Philoria_kundagungan",NA,NA,NA,NA,NA,NA,NA,NA,NA,NA,"1",NA,NA,NA,NA,NA,NA,NA,NA,NA,NA,NA,NA,NA,NA,NA,NA,NA,NA,NA,NA,NA,NA,NA,NA,"1",NA,NA,NA,NA,NA,NA,NA,NA,NA,NA,"1",NA,NA,NA,NA,NA,NA,NA,NA,NA,NA
"Philoria_loveridgei",NA,NA,NA,NA,NA,NA,NA,NA,NA,NA,NA,NA,NA,NA,NA,NA,NA,NA,NA,NA,NA,NA,NA,NA,NA,NA,NA,NA,NA,NA,NA,NA,NA,NA,NA,"1",NA,NA,NA,NA,NA,NA,NA,NA,NA,NA,"1",NA,NA,NA,NA,NA,NA,NA,NA,NA,NA
"Philoria_pughi",NA,NA,NA,NA,NA,NA,NA,NA,NA,NA,NA,NA,NA,NA,NA,NA,NA,NA,NA,NA,NA,NA,NA,NA,NA,NA,NA,NA,NA,NA,NA,NA,NA,NA,NA,"1",NA,NA,NA,NA,NA,NA,NA,NA,NA,NA,NA,NA,NA,NA,NA,NA,NA,NA,NA,NA,NA
"Philoria_richmondensis",NA,NA,NA,NA,NA,NA,NA,NA,NA,NA,NA,NA,NA,NA,NA,NA,NA,NA,NA,NA,NA,NA,NA,NA,NA,NA,NA,NA,NA,NA,NA,NA,NA,NA,NA,"1",NA,NA,NA,NA,NA,NA,NA,NA,NA,NA,NA,NA,NA,NA,NA,NA,NA,NA,NA,NA,NA
"Philoria_sphagnicolus",NA,NA,NA,NA,NA,"1",NA,NA,NA,NA,NA,NA,NA,NA,NA,NA,NA,NA,NA,NA,"1",NA,NA,NA,NA,NA,NA,NA,NA,NA,NA,NA,NA,NA,NA,"1",NA,NA,NA,NA,NA,NA,NA,NA,NA,NA,NA,NA,NA,NA,NA,NA,NA,NA,NA,NA,NA
"Pseudophryne_australis",NA,NA,NA,NA,NA,NA,NA,NA,NA,NA,NA,NA,NA,NA,NA,NA,NA,NA,NA,"1","1",NA,"1",NA,NA,NA,NA,NA,"1",NA,NA,NA,NA,NA,NA,"1",NA,NA,NA,NA,NA,NA,NA,NA,NA,NA,NA,NA,NA,NA,"1","1",NA,NA,NA,NA,NA
"Pseudophryne_bibronii","1","1",NA,NA,NA,"1",NA,NA,NA,"1",NA,NA,"1",NA,"1","1",NA,"1","1","1","1","1","1",NA,NA,NA,"1","1","1",NA,"1","1",NA,NA,NA,"1",NA,"1",NA,"1",NA,NA,"1","1",NA,"1",NA,NA,NA,NA,"1","1",NA,"1","1",NA,"1"
"Pseudophryne_coriacea",NA,NA,NA,NA,"1","1",NA,"1",NA,"1",NA,NA,NA,NA,NA,NA,"1",NA,NA,"1","1",NA,NA,NA,NA,NA,NA,"1","1",NA,NA,NA,NA,NA,NA,"1",NA,NA,NA,NA,NA,NA,NA,NA,NA,NA,"1",NA,NA,NA,NA,NA,NA,NA,NA,NA,NA
"Pseudophryne_corroboree","1",NA,NA,NA,NA,NA,NA,NA,NA,NA,NA,NA,NA,NA,NA,NA,NA,NA,NA,NA,NA,NA,NA,NA,NA,NA,"1","1",NA,NA,NA,NA,NA,NA,NA,NA,NA,NA,NA,NA,NA,NA,NA,NA,NA,NA,NA,NA,NA,NA,"1",NA,NA,NA,NA,NA,NA
"Pseudophryne_dendyi","1",NA,NA,NA,NA,NA,NA,NA,NA,NA,NA,NA,NA,NA,"1",NA,NA,NA,"1","1",NA,NA,NA,NA,NA,NA,"1","1",NA,NA,NA,"1",NA,NA,NA,"1",NA,NA,NA,"1",NA,NA,NA,NA,NA,NA,NA,NA,NA,NA,"1",NA,NA,"1",NA,NA,NA
"Pseudophryne_guentheri",NA,NA,NA,"1",NA,NA,NA,NA,NA,NA,NA,NA,NA,NA,NA,NA,NA,NA,NA,NA,NA,NA,NA,NA,NA,NA,NA,NA,NA,NA,NA,NA,NA,"1",NA,NA,NA,NA,"1",NA,"1",NA,NA,NA,"1",NA,NA,"1",NA,NA,NA,NA,NA,NA,NA,NA,NA
"Pseudophryne_major",NA,NA,NA,NA,NA,NA,"1","1",NA,NA,NA,NA,NA,NA,NA,NA,"1",NA,NA,NA,NA,NA,NA,NA,"1",NA,NA,NA,NA,NA,NA,NA,NA,NA,NA,NA,NA,NA,NA,NA,NA,NA,NA,NA,NA,NA,"1",NA,NA,NA,NA,NA,NA,NA,NA,NA,NA
"Pseudophryne_occidentalis",NA,NA,NA,"1",NA,NA,NA,NA,NA,NA,NA,NA,NA,NA,NA,NA,NA,NA,NA,NA,NA,NA,NA,NA,NA,NA,NA,NA,NA,NA,NA,NA,NA,"1",NA,NA,NA,NA,"1",NA,"1",NA,NA,NA,"1",NA,NA,NA,NA,NA,NA,NA,NA,NA,NA,NA,NA
"Pseudophryne_pengilleyi","1",NA,NA,NA,NA,NA,NA,NA,NA,NA,NA,NA,NA,NA,NA,NA,NA,NA,NA,NA,NA,NA,NA,NA,NA,NA,NA,"1",NA,NA,NA,NA,NA,NA,NA,NA,NA,NA,NA,NA,NA,NA,NA,NA,NA,NA,NA,NA,NA,NA,NA,NA,NA,NA,NA,NA,NA
"Pseudophryne_semimarmorata",NA,NA,NA,NA,NA,NA,NA,NA,NA,NA,NA,NA,"1",NA,"1",NA,NA,"1","1",NA,NA,NA,NA,NA,NA,NA,NA,NA,NA,"1","1",NA,"1",NA,NA,NA,NA,"1",NA,"1",NA,"1",NA,NA,NA,"1",NA,NA,NA,NA,NA,NA,NA,"1",NA,NA,"1"
"Rana_daemeli",NA,NA,NA,NA,NA,NA,"1",NA,"1",NA,NA,"1",NA,NA,NA,NA,NA,NA,NA,NA,NA,NA,NA,NA,NA,NA,NA,NA,NA,NA,NA,NA,NA,NA,"1",NA,"1",NA,NA,NA,NA,NA,NA,NA,NA,NA,NA,NA,NA,NA,NA,NA,NA,NA,NA,"1",NA
"Rheobatrachus_silus",NA,NA,NA,NA,NA,NA,NA,"1",NA,NA,NA,NA,NA,NA,NA,NA,NA,NA,NA,NA,NA,NA,NA,NA,NA,NA,NA,NA,NA,NA,NA,NA,NA,NA,NA,NA,NA,NA,NA,NA,NA,NA,NA,NA,NA,NA,"1",NA,NA,NA,NA,NA,NA,NA,NA,NA,NA
"Rhinella_marina",NA,NA,NA,NA,"1","1","1","1","1","1","1",NA,NA,"1",NA,NA,"1",NA,NA,"1","1",NA,NA,NA,"1",NA,"1","1","1",NA,NA,NA,NA,NA,"1","1","1",NA,NA,NA,NA,NA,NA,NA,NA,NA,"1",NA,NA,"1",NA,"1",NA,NA,NA,"1",NA
"Taudactylus_acutirostris",NA,NA,NA,NA,NA,NA,NA,NA,"1",NA,NA,NA,NA,NA,NA,NA,NA,NA,NA,NA,NA,NA,NA,NA,NA,NA,NA,NA,NA,NA,NA,NA,NA,NA,"1",NA,NA,NA,NA,NA,NA,NA,NA,NA,NA,NA,NA,NA,NA,NA,NA,NA,NA,NA,NA,"1",NA
"Taudactylus_diurnus",NA,NA,NA,NA,NA,NA,NA,"1",NA,NA,NA,NA,NA,NA,NA,NA,NA,NA,NA,NA,NA,NA,NA,NA,NA,NA,NA,NA,NA,NA,NA,NA,NA,NA,NA,NA,NA,NA,NA,NA,NA,NA,NA,NA,NA,NA,"1",NA,NA,NA,NA,NA,NA,NA,NA,NA,NA
"Taudactylus_eungellensis",NA,NA,NA,NA,NA,NA,"1",NA,NA,NA,NA,NA,NA,NA,NA,NA,NA,NA,NA,NA,NA,NA,NA,NA,"1",NA,NA,NA,NA,NA,NA,NA,NA,NA,NA,NA,NA,NA,NA,NA,NA,NA,NA,NA,NA,NA,NA,NA,NA,NA,NA,NA,NA,NA,NA,NA,NA
"Taudactylus_rheophilus",NA,NA,NA,NA,NA,NA,NA,NA,NA,NA,NA,NA,NA,NA,NA,NA,NA,NA,NA,NA,NA,NA,NA,NA,NA,NA,NA,NA,NA,NA,NA,NA,NA,NA,"1",NA,NA,NA,NA,NA,NA,NA,NA,NA,NA,NA,NA,NA,NA,NA,NA,NA,NA,NA,NA,"1",NA
"Uperoleia_altissima",NA,NA,NA,NA,NA,NA,"1",NA,NA,NA,NA,"1",NA,NA,NA,NA,NA,NA,NA,NA,NA,NA,NA,NA,NA,NA,NA,NA,NA,NA,NA,NA,NA,NA,NA,NA,NA,NA,NA,NA,NA,NA,NA,NA,NA,NA,NA,NA,NA,NA,NA,NA,NA,NA,NA,"1",NA
"Uperoleia_arenicola",NA,NA,NA,NA,NA,NA,NA,NA,NA,NA,NA,NA,NA,NA,NA,NA,NA,NA,NA,NA,NA,NA,NA,NA,NA,NA,NA,NA,NA,NA,NA,NA,NA,NA,NA,NA,"1",NA,NA,NA,NA,NA,NA,NA,NA,NA,NA,NA,NA,NA,NA,NA,NA,NA,NA,NA,NA
"Uperoleia_borealis",NA,NA,NA,NA,NA,NA,NA,NA,NA,NA,NA,NA,NA,NA,NA,NA,NA,NA,NA,NA,NA,NA,NA,NA,NA,NA,NA,NA,NA,NA,NA,NA,NA,NA,NA,NA,"1",NA,NA,NA,"1",NA,NA,NA,NA,NA,NA,NA,NA,NA,NA,NA,NA,NA,NA,NA,NA
"Uperoleia_capitulata",NA,NA,NA,NA,NA,"1",NA,"1",NA,"1",NA,NA,NA,"1",NA,NA,NA,NA,NA,NA,NA,NA,"1",NA,NA,NA,NA,NA,NA,NA,NA,NA,NA,NA,NA,NA,NA,NA,NA,NA,NA,NA,NA,NA,NA,NA,NA,NA,"1",NA,NA,NA,NA,NA,"1",NA,NA
"Uperoleia_daviesae",NA,NA,NA,NA,NA,NA,NA,NA,NA,NA,NA,NA,NA,NA,NA,NA,NA,NA,NA,NA,NA,NA,NA,NA,NA,NA,NA,NA,NA,NA,NA,NA,NA,NA,NA,NA,"1",NA,NA,NA,NA,NA,NA,NA,NA,NA,NA,NA,NA,NA,NA,NA,NA,NA,NA,NA,NA
"Uperoleia_fusca",NA,NA,NA,NA,NA,"1","1","1",NA,NA,NA,NA,NA,NA,NA,NA,NA,NA,NA,"1","1",NA,NA,NA,"1",NA,NA,NA,NA,NA,NA,NA,NA,NA,NA,"1",NA,NA,NA,NA,NA,NA,NA,NA,NA,NA,"1",NA,NA,NA,"1","1",NA,NA,NA,NA,NA
"Uperoleia_inundata",NA,NA,NA,NA,NA,NA,NA,NA,NA,NA,NA,NA,NA,NA,NA,NA,NA,NA,NA,NA,NA,NA,NA,NA,NA,NA,NA,NA,NA,NA,NA,NA,NA,NA,NA,NA,"1",NA,NA,NA,NA,NA,NA,NA,NA,NA,NA,NA,NA,NA,NA,NA,NA,NA,NA,NA,NA
"Uperoleia_laevigata","1",NA,NA,NA,"1","1",NA,"1",NA,"1",NA,NA,NA,NA,"1",NA,"1",NA,NA,"1","1",NA,"1",NA,NA,NA,"1","1","1",NA,NA,"1",NA,NA,NA,"1",NA,NA,NA,NA,NA,NA,NA,NA,NA,NA,"1",NA,NA,NA,"1","1",NA,NA,NA,NA,NA
"Uperoleia_lithomoda",NA,NA,NA,NA,NA,NA,"1",NA,"1",NA,NA,NA,NA,NA,NA,NA,NA,NA,NA,NA,NA,NA,NA,NA,NA,NA,NA,NA,NA,NA,NA,NA,NA,NA,"1",NA,"1",NA,NA,NA,"1",NA,NA,NA,NA,NA,NA,NA,NA,"1",NA,NA,NA,NA,NA,NA,NA
"Uperoleia_littlejohni",NA,NA,NA,NA,NA,NA,"1",NA,NA,NA,NA,NA,NA,"1",NA,NA,NA,NA,NA,NA,NA,NA,NA,NA,NA,NA,NA,NA,NA,NA,NA,NA,NA,NA,"1",NA,NA,NA,NA,NA,NA,NA,NA,NA,NA,NA,NA,NA,NA,"1",NA,NA,NA,NA,NA,"1",NA
"Uperoleia_martini",NA,NA,NA,NA,NA,NA,NA,NA,NA,NA,NA,NA,NA,NA,"1",NA,NA,NA,NA,NA,NA,NA,NA,NA,NA,NA,NA,NA,NA,NA,NA,NA,NA,NA,NA,NA,NA,NA,NA,NA,NA,NA,NA,NA,NA,NA,NA,NA,NA,NA,NA,NA,NA,"1",NA,NA,NA
"Uperoleia_micromeles",NA,NA,NA,NA,NA,NA,NA,NA,NA,NA,NA,NA,NA,NA,NA,NA,NA,NA,NA,NA,NA,NA,NA,NA,NA,NA,NA,NA,NA,NA,NA,NA,NA,NA,NA,NA,"1",NA,NA,NA,"1",NA,NA,NA,NA,NA,NA,NA,NA,NA,NA,NA,NA,NA,NA,NA,NA
"Uperoleia_mimula",NA,NA,NA,NA,NA,NA,"1",NA,"1",NA,NA,NA,NA,NA,NA,NA,NA,NA,NA,NA,NA,NA,NA,NA,"1",NA,NA,NA,NA,NA,NA,NA,NA,NA,"1",NA,NA,NA,NA,NA,NA,NA,NA,NA,NA,NA,NA,NA,NA,"1",NA,NA,"1",NA,NA,"1",NA
"Uperoleia_mjobergii",NA,NA,NA,NA,NA,NA,NA,NA,NA,NA,NA,NA,NA,NA,NA,NA,NA,NA,NA,NA,NA,NA,NA,NA,NA,NA,NA,NA,NA,NA,NA,NA,NA,NA,NA,NA,NA,NA,NA,NA,"1",NA,NA,NA,NA,NA,NA,NA,NA,NA,NA,NA,NA,NA,NA,NA,NA
"Uperoleia_orientalis",NA,NA,NA,NA,NA,NA,NA,NA,NA,NA,NA,NA,NA,NA,NA,NA,NA,NA,NA,NA,NA,NA,NA,NA,NA,NA,NA,NA,NA,NA,NA,NA,NA,NA,NA,NA,"1",NA,NA,NA,NA,NA,NA,NA,NA,NA,NA,NA,NA,NA,NA,NA,NA,NA,NA,NA,NA
"Uperoleia_rugosa",NA,NA,NA,NA,"1","1","1","1",NA,"1","1",NA,NA,NA,NA,NA,"1",NA,NA,"1","1",NA,"1",NA,NA,NA,"1","1","1",NA,NA,"1",NA,NA,NA,"1",NA,NA,NA,NA,NA,NA,NA,NA,NA,NA,"1",NA,"1",NA,NA,NA,NA,NA,"1",NA,NA
"Uperoleia_trachyderma",NA,NA,NA,NA,NA,NA,NA,NA,NA,NA,NA,NA,NA,NA,NA,NA,NA,NA,NA,NA,NA,NA,NA,NA,NA,NA,NA,NA,NA,NA,NA,NA,NA,NA,NA,NA,"1",NA,NA,NA,"1",NA,NA,NA,NA,NA,NA,NA,NA,"1",NA,NA,NA,NA,NA,NA,NA
"Uperoleia_tyleri",NA,NA,NA,NA,NA,NA,NA,NA,NA,NA,NA,NA,NA,NA,"1",NA,NA,NA,NA,"1","1",NA,NA,NA,NA,NA,NA,NA,"1",NA,NA,NA,NA,NA,NA,"1",NA,NA,NA,NA,NA,NA,NA,NA,NA,NA,NA,NA,NA,NA,"1","1",NA,"1",NA,NA,NA
