"spp","1","2","3","4","5","6","7","8"
"Acanthagenys_rufogularis","1","1","1","1","1",NA,"1",NA
"Acanthiza_apicalis","1","1","1","1","1",NA,"1",NA
"Acanthiza_chrysorrhoa","1","1","1","1","1","1","1","1"
"Acanthiza_ewingii",NA,NA,NA,NA,NA,"1",NA,NA
"Acanthiza_inornata",NA,NA,NA,NA,"1",NA,NA,NA
"Acanthiza_iredalei",NA,"1",NA,"1","1",NA,NA,NA
"Acanthiza_katherina",NA,NA,"1",NA,NA,NA,NA,NA
"Acanthiza_lineata","1","1","1","1",NA,NA,NA,"1"
"Acanthiza_nana","1","1","1","1",NA,NA,NA,"1"
"Acanthiza_pusilla","1","1","1","1",NA,"1",NA,"1"
"Acanthiza_reguloides","1","1","1","1",NA,NA,NA,"1"
"Acanthiza_robustirostris",NA,NA,"1","1","1",NA,"1",NA
"Acanthiza_uropygialis","1","1","1","1","1",NA,"1",NA
"Acanthorhynchus_superciliosus",NA,NA,NA,NA,"1",NA,NA,NA
"Acanthorhynchus_tenuirostris","1","1","1","1",NA,"1",NA,"1"
"Acanthornis_magna",NA,NA,NA,NA,NA,"1",NA,NA
"Accipiter_cirrocephalus","1","1","1","1","1","1","1","1"
"Accipiter_fasciatus","1","1","1","1","1","1","1","1"
"Accipiter_novaehollandiae","1","1","1","1","1","1","1","1"
"Acridotheres_tristis","1","1","1","1","1","1","1","1"
"Acrocephalus_australis","1","1","1","1","1","1","1","1"
"Acrocephalus_stentoreus","1","1","1","1","1","1","1","1"
"Actitis_hypoleucos","1","1","1","1","1","1","1","1"
"Aegotheles_cristatus","1","1","1","1","1","1","1","1"
"Aerodramus_terraereginae","1",NA,"1",NA,NA,NA,NA,NA
"Ailuroedus_crassirostris","1",NA,"1",NA,NA,NA,NA,NA
"Ailuroedus_melanotis",NA,NA,"1",NA,NA,NA,NA,NA
"Alauda_arvensis","1","1",NA,"1",NA,"1",NA,"1"
"Alcedo_pusilla",NA,NA,"1",NA,NA,NA,"1",NA
"Alectura_lathami","1",NA,"1",NA,NA,NA,NA,NA
"Alisterus_scapularis","1","1","1",NA,NA,NA,NA,"1"
"Amaurornis_cinerea",NA,NA,"1",NA,"1",NA,"1",NA
"Amaurornis_moluccana","1",NA,"1",NA,"1",NA,"1",NA
"Amaurornis_olivacea","1",NA,"1",NA,NA,NA,NA,NA
"Amblyornis_newtonianus",NA,NA,"1",NA,NA,NA,NA,NA
"Amytornis_ballarae",NA,NA,"1",NA,NA,NA,NA,NA
"Amytornis_barbatus","1",NA,"1","1",NA,NA,NA,NA
"Amytornis_dorotheae",NA,NA,"1",NA,NA,NA,"1",NA
"Amytornis_goyderi",NA,NA,"1","1",NA,NA,"1",NA
"Amytornis_housei",NA,NA,NA,NA,"1",NA,NA,NA
"Amytornis_merrotsyi",NA,NA,NA,"1",NA,NA,NA,NA
"Amytornis_modestus",NA,NA,NA,"1",NA,NA,NA,NA
"Amytornis_purnelli",NA,NA,NA,"1","1",NA,"1",NA
"Amytornis_striatus","1","1","1","1","1",NA,"1",NA
"Amytornis_textilis",NA,NA,NA,"1","1",NA,NA,NA
"Amytornis_woodwardi",NA,NA,NA,NA,NA,NA,"1",NA
"Anas_castanea","1","1","1","1","1","1",NA,"1"
"Anas_gibberifrons","1",NA,NA,"1",NA,"1",NA,"1"
"Anas_gracilis","1","1","1","1","1","1","1","1"
"Anas_platyrhynchos","1","1","1","1","1","1",NA,"1"
"Anas_querquedula","1","1","1",NA,"1","1","1",NA
"Anas_rhynchotis","1","1","1","1","1","1",NA,"1"
"Anas_superciliosa","1","1","1","1","1","1","1","1"
"Anhinga_melanogaster","1","1","1","1","1",NA,"1","1"
"Anhinga_novaehollandiae","1","1","1","1","1","1","1","1"
"Anous_minutus","1",NA,"1",NA,NA,NA,NA,NA
"Anous_stolidus","1","1","1","1","1",NA,"1",NA
"Anous_tenuirostris",NA,NA,NA,NA,"1",NA,NA,NA
"Anser_anser","1","1","1",NA,"1","1",NA,NA
"Anseranas_semipalmata","1","1","1","1","1",NA,"1","1"
"Anthochaera_carunculata","1","1","1","1","1",NA,NA,"1"
"Anthochaera_chrysoptera","1","1","1","1",NA,"1",NA,"1"
"Anthochaera_lunulata",NA,NA,NA,NA,"1",NA,NA,NA
"Anthochaera_paradoxa",NA,NA,NA,NA,NA,"1",NA,NA
"Anthochaera_phrygia","1","1","1",NA,NA,NA,NA,"1"
"Anthus_novaeseelandiae","1","1","1","1","1","1","1","1"
"Aphelocephala_leucopsis","1","1","1","1","1",NA,"1","1"
"Aphelocephala_nigricincta","1",NA,"1","1","1",NA,"1",NA
"Aphelocephala_pectoralis",NA,NA,NA,"1",NA,NA,NA,NA
"Aplornis_metallica",NA,NA,"1",NA,NA,NA,NA,NA
"Aprosmictus_erythropterus","1",NA,"1","1","1",NA,"1",NA
"Aptenodytes_patagonicus",NA,NA,NA,NA,NA,"1",NA,NA
"Apus_pacificus","1","1","1","1","1","1","1","1"
"Aquila_audax","1","1","1","1","1","1","1","1"
"Ardea_alba","1","1","1","1","1","1","1","1"
"Ardea_cocoi","1",NA,"1","1","1",NA,"1",NA
"Ardea_ibis","1","1","1","1","1","1","1","1"
"Ardea_intermedia","1","1","1","1","1","1","1","1"
"Ardea_modesta","1","1","1","1","1","1","1","1"
"Ardea_pacifica","1","1","1","1","1",NA,"1","1"
"Ardea_sumatrana",NA,NA,"1",NA,"1",NA,"1",NA
"Ardenna_bulleri","1","1",NA,"1",NA,"1",NA,NA
"Ardenna_carneipes","1","1","1","1","1","1",NA,NA
"Ardenna_grisea","1","1","1","1","1","1",NA,NA
"Ardenna_pacifica","1","1","1",NA,"1","1","1","1"
"Ardenna_tenuirostris","1","1","1","1","1","1",NA,NA
"Ardeotis_australis","1","1","1","1","1",NA,"1",NA
"Arenaria_interpres","1","1","1","1","1","1","1",NA
"Arses_kaupi",NA,NA,"1",NA,NA,NA,NA,NA
"Arses_lorealis",NA,NA,"1",NA,NA,NA,NA,NA
"Arses_telescopthalmus",NA,NA,"1",NA,NA,NA,NA,NA
"Artamus_cinereus","1","1","1","1","1",NA,"1",NA
"Artamus_cyanopterus","1","1","1","1","1","1",NA,"1"
"Artamus_leucorynchus","1","1","1","1","1",NA,"1",NA
"Artamus_minor","1",NA,"1","1","1",NA,"1",NA
"Artamus_personatus","1","1","1","1","1",NA,"1","1"
"Artamus_superciliosus","1","1","1","1","1",NA,"1","1"
"Ashbyia_lovensis","1",NA,"1","1",NA,NA,"1",NA
"Atrichornis_rufescens","1",NA,"1",NA,NA,NA,NA,NA
"Aviceda_subcristata","1",NA,"1",NA,"1",NA,"1",NA
"Aythya_australis","1","1","1","1","1","1","1","1"
"Barnardius_zonarius","1","1","1","1","1",NA,"1",NA
"Biziura_lobata","1","1","1","1","1","1",NA,"1"
"Botaurus_poiciloptilus","1","1","1","1","1","1",NA,NA
"Bulweria_bulwerii",NA,NA,NA,NA,NA,NA,NA,NA
"Burhinus_grallarius","1","1","1","1","1",NA,"1",NA
"Butorides_striatus","1","1","1",NA,"1",NA,"1",NA
"Cacatua_galerita","1","1","1","1","1","1","1","1"
"Cacatua_pastinator",NA,NA,NA,NA,"1",NA,NA,NA
"Cacatua_sanguinea","1","1","1","1","1","1","1","1"
"Cacatua_tenuirostris","1","1",NA,"1",NA,NA,NA,NA
"Cacomantis_castaneiventris",NA,NA,"1",NA,NA,NA,NA,NA
"Cacomantis_flabelliformis","1","1","1","1","1","1",NA,"1"
"Cacomantis_pallidus","1","1","1","1","1","1","1","1"
"Cacomantis_variolosus","1","1","1",NA,"1",NA,"1","1"
"Cairina_moschata","1","1","1","1",NA,NA,NA,"1"
"Calamanthus_campestris","1","1",NA,"1","1",NA,"1",NA
"Calamanthus_fuliginosus","1","1",NA,"1",NA,"1",NA,NA
"Calidris_acuminata","1","1","1","1","1","1","1","1"
"Calidris_alba","1","1","1","1","1","1","1",NA
"Calidris_canutus","1","1","1","1","1","1","1",NA
"Calidris_ferruginea","1","1","1","1","1","1","1","1"
"Calidris_melanotos","1","1","1","1","1","1","1","1"
"Calidris_minuta","1","1","1","1","1","1","1",NA
"Calidris_ruficollis","1","1","1","1","1","1","1","1"
"Calidris_subminuta","1","1","1","1","1",NA,"1","1"
"Calidris_tenuirostris","1","1","1","1","1","1","1",NA
"Callocephalon_fimbriatum","1","1",NA,"1",NA,NA,NA,"1"
"Calonectris_leucomelas","1","1",NA,NA,NA,NA,"1",NA
"Calyptorhynchus_banksii","1","1","1","1","1",NA,"1",NA
"Calyptorhynchus_baudinii",NA,NA,NA,NA,"1",NA,NA,NA
"Calyptorhynchus_funereus","1","1","1","1",NA,"1",NA,"1"
"Calyptorhynchus_lathami","1","1","1","1",NA,NA,NA,"1"
"Calyptorhynchus_latirostris",NA,NA,NA,NA,"1",NA,NA,NA
"Caprimulgus_macrurus",NA,NA,"1",NA,NA,NA,"1",NA
"Carduelis_carduelis","1","1",NA,"1",NA,"1",NA,"1"
"Carduelis_chloris","1","1",NA,"1",NA,"1",NA,NA
"Carterornis_leucotis","1",NA,"1",NA,NA,NA,NA,NA
"Casuarius_casuarius",NA,NA,"1",NA,NA,NA,NA,NA
"Centropus_phasianinus","1",NA,"1",NA,"1",NA,"1",NA
"Cereopsis_novaehollandiae",NA,"1",NA,"1","1","1",NA,NA
"Certhionyx_niger","1","1","1","1","1",NA,"1",NA
"Certhionyx_pectoralis",NA,NA,"1",NA,"1",NA,"1",NA
"Certhionyx_variegatus","1","1","1","1","1",NA,"1",NA
"Ceyx_azureus","1","1","1","1","1","1","1","1"
"Ceyx_pusilla",NA,NA,"1",NA,NA,NA,"1",NA
"Chalcites_basalis","1","1","1","1","1","1","1","1"
"Chalcites_lucidus","1","1","1","1","1","1",NA,"1"
"Chalcites_minutillus","1",NA,"1",NA,"1",NA,"1",NA
"Chalcites_osculans","1","1","1","1","1",NA,"1","1"
"Chalcophaps_indica","1",NA,"1",NA,"1",NA,"1",NA
"Charadrius_australis","1","1","1","1","1",NA,"1",NA
"Charadrius_bicinctus","1","1","1","1","1","1",NA,NA
"Charadrius_dubius","1",NA,"1","1","1","1","1",NA
"Charadrius_hiaticula","1","1","1","1",NA,NA,"1",NA
"Charadrius_leschenaultii","1","1","1","1","1","1","1",NA
"Charadrius_mongolus","1","1","1","1","1","1","1",NA
"Charadrius_ruficapillus","1","1","1","1","1","1","1","1"
"Charadrius_veredus",NA,NA,"1","1","1",NA,"1",NA
"Chenonetta_jubata","1","1","1","1","1","1","1","1"
"Cheramoeca_leucosterna","1","1","1","1","1",NA,"1",NA
"Chlidonias_hybrida","1","1","1","1","1",NA,"1","1"
"Chlidonias_leucopterus","1","1","1","1","1",NA,"1","1"
"Chloris_chloris","1","1",NA,"1",NA,"1",NA,"1"
"Chroicocephalus_novaehollandiae","1","1","1","1","1","1","1","1"
"Chrysococcyx_basalis","1","1","1","1","1","1","1","1"
"Chrysococcyx_lucidus","1","1","1","1","1","1","1","1"
"Chrysococcyx_minutillus","1",NA,"1",NA,"1",NA,"1",NA
"Chrysococcyx_osculans","1","1","1","1","1",NA,"1","1"
"Chthonicola_sagittata","1","1","1",NA,NA,NA,NA,"1"
"Cincloramphus_cruralis","1","1","1","1","1",NA,"1","1"
"Cincloramphus_mathewsi","1","1","1","1","1",NA,"1","1"
"Cinclosoma_castaneothorax","1",NA,"1",NA,"1",NA,"1",NA
"Cinclosoma_castanotum","1","1",NA,"1","1",NA,"1",NA
"Cinclosoma_cinnamomeum","1",NA,"1","1","1",NA,"1",NA
"Cinclosoma_punctatum","1","1","1","1",NA,"1",NA,"1"
"Circus_aeruginosus",NA,NA,NA,NA,"1","1",NA,NA
"Circus_approximans","1","1","1","1","1","1","1","1"
"Circus_assimilis","1","1","1","1","1",NA,"1","1"
"Cissomela_pectoralis",NA,NA,"1",NA,"1",NA,"1",NA
"Cisticola_exilis","1","1","1","1","1","1","1","1"
"Cisticola_juncidis",NA,NA,"1",NA,"1",NA,"1",NA
"Cladorhynchus_leucocephalus","1","1","1","1","1",NA,NA,NA
"Climacteris_affinis","1","1","1","1","1",NA,"1",NA
"Climacteris_erythrops","1","1","1",NA,NA,NA,NA,"1"
"Climacteris_melanura",NA,NA,"1",NA,"1",NA,"1",NA
"Climacteris_picumnus","1","1","1","1",NA,NA,NA,"1"
"Climacteris_rufa",NA,NA,NA,"1","1",NA,NA,NA
"Colluricincla_boweri",NA,NA,"1",NA,NA,NA,NA,NA
"Colluricincla_harmonica","1","1","1","1","1","1","1","1"
"Colluricincla_megarhyncha","1",NA,"1",NA,"1",NA,"1",NA
"Colluricincla_woodwardi",NA,NA,"1",NA,"1",NA,"1",NA
"Columba_leucomela","1","1","1",NA,NA,NA,NA,NA
"Columba_livia","1","1","1","1","1","1","1","1"
"Conopophila_albogularis",NA,NA,"1",NA,NA,NA,"1",NA
"Conopophila_rufogularis",NA,NA,"1",NA,"1",NA,"1",NA
"Conopophila_whitei",NA,NA,NA,"1","1",NA,"1",NA
"Coracina_lineata","1",NA,"1",NA,NA,NA,NA,NA
"Coracina_maxima","1","1","1","1","1",NA,"1",NA
"Coracina_novaehollandiae","1","1","1","1","1","1","1","1"
"Coracina_papuensis","1","1","1","1","1",NA,"1","1"
"Coracina_tenuirostris","1","1","1",NA,"1",NA,"1","1"
"Corcorax_melanorhamphos","1","1","1","1",NA,NA,NA,"1"
"Cormobates_leucophaea","1","1","1","1",NA,NA,NA,"1"
"Corvus_bennetti","1","1","1","1","1",NA,"1",NA
"Corvus_coronoides","1","1","1","1","1",NA,"1","1"
"Corvus_mellori","1","1",NA,"1",NA,"1",NA,"1"
"Corvus_orru","1",NA,"1","1","1",NA,"1",NA
"Corvus_splendens","1","1","1",NA,"1",NA,NA,NA
"Corvus_tasmanicus","1","1",NA,"1",NA,"1",NA,NA
"Coturnix_chinensis","1","1","1",NA,"1",NA,"1",NA
"Coturnix_pectoralis","1","1","1","1","1",NA,"1","1"
"Coturnix_ypsilophora","1","1","1","1","1","1","1","1"
"Cracticus_mentalis",NA,NA,"1",NA,NA,NA,NA,NA
"Cracticus_nigrogularis","1","1","1","1","1",NA,"1",NA
"Cracticus_quoyi",NA,NA,"1",NA,"1",NA,"1",NA
"Cracticus_tibicen","1","1","1","1","1","1","1","1"
"Cracticus_torquatus","1","1","1","1","1","1","1","1"
"Cuculus_optatus","1",NA,"1",NA,"1",NA,"1",NA
"Cuculus_pallidus","1","1","1","1","1","1","1","1"
"Cuculus_saturatus","1",NA,"1",NA,"1",NA,"1",NA
"Cyclopsitta_diophthalma","1",NA,"1",NA,NA,NA,NA,NA
"Cygnus_atratus","1","1","1","1","1","1","1","1"
"Cygnus_olor","1","1","1","1","1","1",NA,NA
"Dacelo_leachii",NA,NA,"1",NA,"1",NA,"1",NA
"Dacelo_novaeguineae","1","1","1","1","1",NA,NA,"1"
"Daphoenositta_chrysoptera","1","1","1","1","1",NA,"1","1"
"Daption_capense","1","1","1","1","1","1",NA,NA
"Dasyornis_brachypterus","1","1","1",NA,NA,NA,NA,NA
"Dasyornis_broadbenti",NA,"1",NA,"1",NA,NA,NA,NA
"Dasyornis_longirostris",NA,NA,NA,NA,"1",NA,NA,NA
"Dendrocygna_arcuata","1","1","1",NA,"1",NA,"1",NA
"Dendrocygna_eytoni","1","1","1","1","1",NA,"1","1"
"Dicaeum_hirundinaceum","1","1","1","1","1",NA,"1","1"
"Dicrurus_bracteatus","1",NA,"1",NA,"1",NA,"1",NA
"Diomedea_epomophora","1","1",NA,NA,"1","1",NA,NA
"Diomedea_exulans","1","1","1","1","1","1",NA,NA
"Dromaius_novaehollandiae","1","1","1","1","1",NA,"1","1"
"Drymodes_brunneopygia","1","1",NA,"1","1",NA,NA,NA
"Drymodes_superciliaris",NA,NA,"1",NA,NA,NA,NA,NA
"Ducula_bicolor","1",NA,"1",NA,"1",NA,"1",NA
"Eclectus_roratus",NA,NA,"1",NA,NA,NA,NA,NA
"Egretta_garzetta","1","1","1","1","1","1","1","1"
"Egretta_novaehollandiae","1","1","1","1","1","1","1","1"
"Egretta_picata",NA,NA,"1",NA,"1",NA,"1",NA
"Egretta_sacra","1","1","1","1","1","1","1",NA
"Elanus_axillaris","1","1","1","1","1",NA,"1","1"
"Elanus_caeruleus","1","1","1","1","1",NA,"1",NA
"Elanus_scriptus",NA,NA,"1","1",NA,NA,NA,NA
"Elseyornis_melanops","1","1","1","1","1","1","1","1"
"Emblema_pictum",NA,NA,"1","1","1",NA,"1",NA
"Entomyzon_cyanotis","1","1","1","1","1",NA,"1",NA
"Eolophus_roseicapillus","1","1","1","1","1","1","1","1"
"Eopsaltria_australis","1","1","1","1",NA,NA,NA,"1"
"Eopsaltria_georgiana",NA,NA,NA,NA,"1",NA,NA,NA
"Eopsaltria_griseogularis",NA,NA,NA,"1","1",NA,NA,NA
"Eopsaltria_pulverulenta",NA,NA,"1",NA,"1",NA,"1",NA
"Ephippiorhynchus_asiaticus","1",NA,"1",NA,"1",NA,"1",NA
"Epthianura_albifrons","1","1","1","1","1","1","1","1"
"Epthianura_aurifrons","1","1","1","1","1",NA,"1",NA
"Epthianura_crocea","1",NA,"1","1","1",NA,"1",NA
"Epthianura_tricolor","1","1","1","1","1",NA,"1","1"
"Eremiornis_carteri",NA,NA,"1","1","1",NA,"1",NA
"Erythrogonys_cinctus","1","1","1","1","1",NA,"1","1"
"Erythrotriorchis_radiatus","1",NA,"1",NA,"1",NA,"1",NA
"Erythrura_gouldiae",NA,NA,"1",NA,"1",NA,"1",NA
"Erythrura_trichroa",NA,NA,"1",NA,NA,NA,NA,NA
"Esacus_magnirostris","1","1","1",NA,"1",NA,"1",NA
"Eudynamys_orientalis","1",NA,"1","1","1",NA,"1",NA
"Eudyptes_chrysocome",NA,"1",NA,"1","1","1",NA,NA
"Eudyptes_chrysolophus","1","1",NA,"1",NA,"1",NA,NA
"Eudyptes_pachyrhynchus","1","1",NA,"1","1","1",NA,NA
"Eudyptula_minor","1","1","1","1","1","1",NA,"1"
"Eulabeornis_castaneoventris",NA,NA,"1",NA,"1",NA,"1",NA
"Eurostopodus_argus","1","1","1","1","1",NA,"1",NA
"Eurostopodus_mystacalis","1","1","1","1",NA,NA,NA,"1"
"Eurystomus_orientalis","1","1","1",NA,"1",NA,"1","1"
"Excalfactoria_chinensis","1","1","1","1","1","1","1","1"
"Falco_berigora","1","1","1","1","1","1","1","1"
"Falco_cenchroides","1","1","1","1","1","1","1","1"
"Falco_hypoleucos","1","1","1","1","1",NA,"1",NA
"Falco_longipennis","1","1","1","1","1","1","1","1"
"Falco_peregrinus","1","1","1","1","1","1","1","1"
"Falco_subniger","1","1","1","1","1",NA,"1","1"
"Falcunculus_frontatus","1","1","1","1","1",NA,"1","1"
"Fregata_ariel","1","1","1","1","1",NA,"1",NA
"Fregata_minor","1","1","1",NA,NA,NA,"1",NA
"Fregetta_tropica","1",NA,"1",NA,NA,NA,NA,NA
"Fulica_atra","1","1","1","1","1","1","1","1"
"Fulmarus_glacialoides","1","1","1","1","1","1",NA,NA
"Gallinago_hardwickii","1","1","1","1",NA,"1",NA,"1"
"Gallinago_megala",NA,NA,"1",NA,"1",NA,"1",NA
"Gallinula_tenebrosa","1","1","1","1","1","1","1","1"
"Gallirallus_philippensis","1","1","1","1","1",NA,"1","1"
"Gallus_gallus","1","1","1","1","1",NA,NA,NA
"Garrodia_nereis","1",NA,NA,NA,NA,"1",NA,NA
"Gelochelidon_nilotica","1","1","1","1","1",NA,"1",NA
"Geoffroyus_geoffroyi",NA,NA,"1",NA,NA,NA,NA,NA
"Geopelia_cuneata","1","1","1","1","1",NA,"1","1"
"Geopelia_humeralis","1",NA,"1",NA,"1",NA,"1",NA
"Geopelia_striata","1","1","1","1","1",NA,"1","1"
"Geophaps_plumifera",NA,NA,"1","1","1",NA,"1",NA
"Geophaps_scripta","1",NA,"1",NA,NA,NA,NA,NA
"Geophaps_smithii",NA,NA,NA,NA,"1",NA,"1",NA
"Gerygone_chloronota",NA,NA,NA,NA,"1",NA,"1",NA
"Gerygone_fusca","1","1","1","1","1",NA,"1","1"
"Gerygone_levigaster","1",NA,"1",NA,"1",NA,"1",NA
"Gerygone_magnirostris",NA,NA,"1",NA,"1",NA,"1",NA
"Gerygone_mouki","1","1","1",NA,NA,NA,NA,NA
"Gerygone_olivacea","1","1","1","1","1",NA,"1","1"
"Gerygone_palpebrosa",NA,NA,"1",NA,NA,NA,NA,NA
"Gerygone_tenebrosa",NA,NA,NA,NA,"1",NA,NA,NA
"Glareola_maldivarum",NA,NA,"1",NA,"1",NA,"1",NA
"Gliciphila_melanops","1","1",NA,"1","1","1",NA,NA
"Glossopsitta_concinna","1","1","1","1",NA,"1",NA,NA
"Glossopsitta_porphyrocephala","1","1",NA,"1","1",NA,NA,NA
"Glossopsitta_pusilla","1","1","1",NA,NA,NA,NA,"1"
"Grallina_cyanoleuca","1","1","1","1","1",NA,"1","1"
"Grantiella_picta","1","1","1",NA,NA,NA,"1","1"
"Grus_antigone",NA,NA,"1",NA,NA,NA,NA,NA
"Grus_rubicunda","1","1","1","1","1",NA,"1",NA
"Gygis_alba","1",NA,"1",NA,NA,NA,NA,NA
"Haematopus_fuliginosus","1","1","1","1","1","1","1",NA
"Haematopus_longirostris","1","1","1","1","1","1","1","1"
"Haliaeetus_leucogaster","1","1","1","1","1","1","1","1"
"Haliastur_indus","1",NA,"1",NA,"1",NA,"1",NA
"Haliastur_sphenurus","1","1","1","1","1","1","1","1"
"Halobaena_caerulea","1","1",NA,"1","1","1",NA,NA
"Hamirostra_melanosternon","1",NA,"1","1","1",NA,"1",NA
"Heteromunia_pectoralis",NA,NA,"1",NA,"1",NA,"1",NA
"Heteromyias_albispecularis",NA,NA,"1",NA,NA,NA,NA,NA
"Heteromyias_cinereifrons",NA,"1","1","1",NA,NA,NA,NA
"Hieraaetus_morphnoides","1","1","1","1","1",NA,"1","1"
"Himantopus_himantopus","1","1","1","1","1",NA,"1","1"
"Hirundapus_caudacutus","1","1","1","1",NA,"1",NA,"1"
"Hirundo_ariel","1","1","1","1","1",NA,"1",NA
"Hirundo_neoxena","1","1","1","1","1","1","1","1"
"Hydrobates_matsudairae",NA,NA,NA,NA,NA,NA,"1",NA
"Hydroprogne_caspia","1","1","1","1","1","1","1","1"
"Hylacola_cautus","1","1",NA,"1","1",NA,NA,NA
"Hylacola_pyrrhopygia","1","1","1","1",NA,NA,NA,"1"
"Irediparra_gallinacea","1",NA,"1",NA,"1",NA,"1",NA
"Ixobrychus_dubius","1","1","1","1","1",NA,"1","1"
"Ixobrychus_flavicollis","1",NA,"1",NA,"1",NA,"1",NA
"Ixobrychus_minutus","1","1",NA,"1","1",NA,NA,"1"
"Lalage_leucomela","1",NA,"1",NA,"1",NA,"1",NA
"Lalage_sueurii","1","1","1","1","1","1","1","1"
"Lalage_tricolor","1","1","1","1","1",NA,"1","1"
"Larus_dominicanus","1","1","1","1","1","1",NA,NA
"Larus_pacificus","1","1","1","1","1","1",NA,NA
"Lathamus_discolor","1","1","1",NA,NA,"1",NA,"1"
"Leipoa_ocellata","1","1",NA,"1","1",NA,NA,NA
"Leucophaeus_pipixcan","1","1","1","1","1",NA,"1",NA
"Leucosarcia_melanoleuca","1","1","1",NA,NA,NA,NA,"1"
"Lewinia_pectoralis","1","1","1","1",NA,"1",NA,"1"
"Lichenostomus_chrysops","1","1","1","1",NA,NA,NA,"1"
"Lichenostomus_cratitius","1","1",NA,"1","1",NA,NA,NA
"Lichenostomus_fasciogularis","1",NA,"1",NA,NA,NA,NA,NA
"Lichenostomus_flavescens",NA,NA,"1",NA,"1",NA,"1",NA
"Lichenostomus_flavicollis",NA,NA,NA,NA,NA,"1",NA,NA
"Lichenostomus_flavus",NA,NA,"1",NA,NA,NA,NA,NA
"Lichenostomus_frenatus",NA,NA,"1",NA,NA,NA,NA,NA
"Lichenostomus_fuscus","1","1","1",NA,NA,NA,NA,"1"
"Lichenostomus_hindwoodi",NA,NA,"1",NA,NA,NA,NA,NA
"Lichenostomus_keartlandi",NA,NA,"1","1","1",NA,"1",NA
"Lichenostomus_leucotis","1","1","1","1","1",NA,NA,"1"
"Lichenostomus_melanops","1","1","1",NA,NA,NA,NA,"1"
"Lichenostomus_ornatus","1","1",NA,"1","1",NA,NA,NA
"Lichenostomus_penicillatus","1","1","1","1","1",NA,"1","1"
"Lichenostomus_plumulus","1","1","1","1","1",NA,"1",NA
"Lichenostomus_unicolor",NA,NA,"1",NA,"1",NA,"1",NA
"Lichenostomus_versicolor",NA,NA,"1",NA,NA,NA,NA,NA
"Lichenostomus_virescens","1","1","1","1","1",NA,"1",NA
"Lichmera_indistincta","1",NA,"1","1","1",NA,"1",NA
"Limicola_falcinellus","1","1","1","1","1",NA,"1",NA
"Limnodromus_semipalmatus","1","1","1",NA,"1",NA,"1",NA
"Limosa_lapponica","1","1","1","1","1","1","1","1"
"Limosa_limosa","1","1","1","1","1",NA,"1",NA
"Lonchura_castaneothorax","1",NA,"1",NA,"1",NA,"1",NA
"Lonchura_flaviprymna",NA,NA,NA,NA,"1",NA,"1",NA
"Lonchura_punctulata","1","1","1","1",NA,NA,NA,"1"
"Lophochroa_leadbeateri","1","1","1","1","1",NA,"1",NA
"Lophoictinia_isura","1","1","1","1","1",NA,"1","1"
"Lopholaimus_antarcticus","1",NA,"1",NA,NA,NA,NA,NA
"Lugensa_brevirostris","1","1","1","1","1","1",NA,NA
"Machaerirhynchus_flaviventer",NA,NA,"1",NA,NA,NA,NA,NA
"Macronectes_giganteus","1","1","1","1","1","1",NA,NA
"Macronectes_halli","1","1","1","1","1","1",NA,NA
"Macropygia_amboinensis","1","1","1",NA,NA,NA,NA,NA
"Malacorhynchus_membranaceus","1","1","1","1","1",NA,"1","1"
"Malurus_amabilis",NA,NA,"1",NA,NA,NA,NA,NA
"Malurus_coronatus",NA,NA,"1",NA,"1",NA,"1",NA
"Malurus_cyaneus","1","1","1","1",NA,"1",NA,"1"
"Malurus_elegans",NA,NA,NA,NA,"1",NA,NA,NA
"Malurus_lamberti","1","1","1","1","1",NA,"1","1"
"Malurus_leucopterus","1","1","1","1","1",NA,"1",NA
"Malurus_melanocephalus","1",NA,"1",NA,"1",NA,"1",NA
"Malurus_pulcherrimus",NA,NA,NA,"1","1",NA,NA,NA
"Malurus_splendens","1","1","1","1","1",NA,"1",NA
"Manorina_flavigula","1","1","1","1","1",NA,"1",NA
"Manorina_melanocephala","1","1","1","1",NA,"1",NA,"1"
"Manorina_melanophrys","1","1","1",NA,NA,NA,NA,"1"
"Manorina_melanotis","1","1",NA,"1",NA,NA,NA,NA
"Megalurus_gramineus","1","1","1","1","1","1","1","1"
"Megalurus_timoriensis","1",NA,"1",NA,"1",NA,"1",NA
"Megapodius_reinwardt",NA,NA,"1",NA,"1",NA,"1",NA
"Melanodryas_cucullata","1","1","1","1","1",NA,"1","1"
"Melanodryas_vittata",NA,NA,NA,NA,NA,"1",NA,NA
"Meleagris_gallopavo","1",NA,"1","1",NA,"1",NA,NA
"Meliphaga_albilineata",NA,NA,NA,NA,"1",NA,"1",NA
"Meliphaga_fordiana",NA,NA,NA,NA,"1",NA,NA,NA
"Meliphaga_gracilis",NA,NA,"1",NA,NA,NA,NA,NA
"Meliphaga_lewinii","1","1","1",NA,NA,NA,NA,"1"
"Meliphaga_notata",NA,NA,"1",NA,NA,NA,NA,NA
"Melithreptus_affinis",NA,NA,NA,NA,NA,"1",NA,NA
"Melithreptus_albogularis","1",NA,"1",NA,"1",NA,"1",NA
"Melithreptus_brevirostris","1","1","1","1","1",NA,NA,"1"
"Melithreptus_gularis","1","1","1","1","1",NA,"1",NA
"Melithreptus_lunatus","1","1","1","1","1",NA,NA,"1"
"Melithreptus_validirostris",NA,NA,NA,NA,NA,"1",NA,NA
"Melopsittacus_undulatus","1","1","1","1","1",NA,"1",NA
"Menura_alberti","1",NA,"1",NA,NA,NA,NA,NA
"Menura_novaehollandiae","1","1","1",NA,NA,NA,NA,"1"
"Merops_ornatus","1","1","1","1","1",NA,"1","1"
"Microcarbo_melanoleucos","1","1","1","1","1","1","1","1"
"Microeca_fascinans","1","1","1","1","1",NA,"1","1"
"Microeca_flavigaster",NA,NA,"1",NA,"1",NA,"1",NA
"Microeca_griseoceps",NA,NA,"1",NA,NA,NA,NA,NA
"Milvus_migrans","1","1","1","1","1",NA,"1",NA
"Mirafra_javanica","1","1","1","1","1",NA,"1","1"
"Monarcha_frater",NA,NA,"1",NA,NA,NA,NA,NA
"Monarcha_melanopsis","1","1","1",NA,NA,NA,NA,NA
"Morus_serrator","1","1","1","1","1","1","1",NA
"Motacilla_cinerea",NA,NA,"1","1","1","1","1",NA
"Motacilla_tschutschensis","1","1","1","1","1",NA,"1",NA
"Myiagra_alecto","1",NA,"1",NA,"1",NA,"1",NA
"Myiagra_cyanoleuca","1","1","1","1",NA,"1",NA,"1"
"Myiagra_inquieta","1","1","1","1","1",NA,"1","1"
"Myiagra_rubecula","1","1","1","1","1",NA,"1","1"
"Myiagra_ruficollis",NA,NA,"1",NA,"1",NA,"1",NA
"Myzomela_erythrocephala",NA,NA,"1",NA,"1",NA,"1",NA
"Myzomela_obscura","1",NA,"1",NA,"1",NA,"1",NA
"Myzomela_sanguinolenta","1","1","1",NA,NA,NA,NA,NA
"Nectarinia_jugularis",NA,NA,"1",NA,NA,NA,NA,NA
"Neochmia_modesta","1",NA,"1",NA,NA,NA,NA,NA
"Neochmia_phaeton",NA,NA,"1",NA,"1",NA,"1",NA
"Neochmia_ruficauda",NA,NA,"1",NA,"1",NA,"1",NA
"Neochmia_temporalis","1","1","1","1",NA,NA,NA,"1"
"Neophema_chrysogaster",NA,"1",NA,"1",NA,"1",NA,NA
"Neophema_chrysostoma","1","1","1","1",NA,"1",NA,NA
"Neophema_elegans",NA,"1",NA,"1","1",NA,NA,NA
"Neophema_petrophila",NA,NA,NA,"1","1",NA,NA,NA
"Neophema_pulchella","1","1","1",NA,NA,NA,NA,NA
"Neophema_splendida","1","1",NA,"1","1",NA,"1",NA
"Neopsephotus_bourkii","1",NA,"1","1","1",NA,"1",NA
"Nettapus_coromandelianus",NA,NA,"1",NA,NA,NA,NA,NA
"Nettapus_pulchellus",NA,NA,"1",NA,"1",NA,"1",NA
"Ninox_connivens","1","1","1","1","1",NA,"1","1"
"Ninox_novaeseelandiae","1","1","1","1","1","1","1","1"
"Ninox_rufa",NA,NA,"1",NA,"1",NA,"1",NA
"Ninox_strenua","1","1","1","1",NA,NA,NA,"1"
"Northiella_haematogaster","1","1","1","1","1",NA,NA,NA
"Numenius_madagascariensis","1","1","1","1","1","1","1",NA
"Numenius_minutus","1",NA,"1",NA,"1",NA,"1",NA
"Numenius_phaeopus","1","1","1","1","1","1","1",NA
"Numida_meleagris","1","1","1",NA,"1",NA,"1",NA
"Nycticorax_caledonicus","1","1","1","1","1","1","1","1"
"Nymphicus_hollandicus","1","1","1","1","1",NA,"1",NA
"Oceanites_oceanicus","1","1","1","1","1","1","1",NA
"Ocyphaps_lophotes","1","1","1","1","1",NA,"1","1"
"Onychoprion_anaethetus","1","1","1","1","1","1","1",NA
"Onychoprion_fuscata","1","1","1","1","1",NA,"1",NA
"Oreoica_gutturalis","1","1","1","1","1",NA,"1",NA
"Oreoscopus_gutturalis",NA,NA,"1",NA,NA,NA,NA,NA
"Origma_solitaria","1",NA,NA,NA,NA,NA,NA,NA
"Oriolus_flavocinctus",NA,NA,"1",NA,"1",NA,"1",NA
"Oriolus_sagittatus","1","1","1","1","1",NA,"1","1"
"Orthonyx_spaldingii",NA,NA,"1",NA,NA,NA,NA,NA
"Orthonyx_temminckii","1",NA,"1",NA,NA,NA,NA,NA
"Oxyura_australis","1","1","1","1","1","1",NA,"1"
"Pachycephala_griseiceps",NA,NA,"1",NA,NA,NA,NA,NA
"Pachycephala_inornata","1","1",NA,"1","1",NA,NA,NA
"Pachycephala_lanioides",NA,NA,"1",NA,"1",NA,"1",NA
"Pachycephala_melanura",NA,NA,"1",NA,"1",NA,"1",NA
"Pachycephala_olivacea","1","1","1","1",NA,"1",NA,"1"
"Pachycephala_pectoralis","1","1","1","1","1","1",NA,"1"
"Pachycephala_rufiventris","1","1","1","1","1",NA,"1","1"
"Pachycephala_rufogularis","1","1",NA,"1",NA,NA,NA,NA
"Pachycephala_simplex",NA,NA,"1",NA,NA,NA,"1",NA
"Pachyptila_belcheri","1","1","1","1","1","1",NA,NA
"Pachyptila_desolata","1","1","1","1","1","1",NA,NA
"Pachyptila_salvini","1","1","1","1","1","1",NA,NA
"Pachyptila_turtur","1","1","1","1","1","1",NA,NA
"Pachyptila_vittata","1","1","1","1","1","1",NA,NA
"Pandion_cristatus","1","1","1","1","1","1","1","1"
"Pandion_haliaetus","1",NA,"1","1","1",NA,"1",NA
"Pardalotus_punctatus","1","1","1","1","1","1",NA,"1"
"Pardalotus_quadragintus",NA,NA,NA,NA,NA,"1",NA,NA
"Pardalotus_rubricatus","1",NA,"1","1","1",NA,"1",NA
"Pardalotus_striatus","1","1","1","1","1","1","1","1"
"Passer_domesticus","1","1","1","1","1","1","1","1"
"Passer_montanus","1","1",NA,NA,NA,NA,NA,NA
"Pavo_cristatus","1","1","1","1","1","1","1","1"
"Pedionomus_torquatus","1","1","1","1",NA,NA,NA,NA
"Pelagodroma_marina","1","1",NA,"1","1","1","1","1"
"Pelecanoides_urinatrix","1","1","1","1","1","1",NA,NA
"Pelecanus_conspicillatus","1","1","1","1","1","1","1","1"
"Peltohyas_australis","1","1","1","1","1",NA,"1",NA
"Peneoenanthe_pulverulenta",NA,NA,"1",NA,"1",NA,"1",NA
"Petrochelidon_ariel","1","1","1","1","1",NA,"1","1"
"Petrochelidon_nigricans","1","1","1","1","1","1","1","1"
"Petroica_boodang","1","1","1","1","1","1","1","1"
"Petroica_goodenovii","1","1","1","1","1",NA,"1","1"
"Petroica_multicolor","1","1","1","1","1","1",NA,NA
"Petroica_phoenicea","1","1","1","1",NA,"1",NA,"1"
"Petroica_rodinogaster","1","1",NA,NA,NA,"1",NA,"1"
"Petroica_rosea","1","1","1","1",NA,NA,NA,"1"
"Petrophassa_albipennis",NA,NA,NA,NA,"1",NA,"1",NA
"Petrophassa_rufipennis",NA,NA,NA,NA,NA,NA,"1",NA
"Pezoporus_occidentalis","1",NA,"1","1","1",NA,"1",NA
"Pezoporus_wallicus","1","1","1",NA,"1","1",NA,NA
"Phaethon_lepturus","1","1","1","1","1",NA,"1",NA
"Phaethon_rubricauda","1","1","1","1","1","1","1",NA
"Phalacrocorax_carbo","1","1","1","1","1","1","1","1"
"Phalacrocorax_fuscescens","1","1",NA,"1","1","1",NA,NA
"Phalacrocorax_sulcirostris","1","1","1","1","1","1","1","1"
"Phalacrocorax_varius","1","1","1","1","1",NA,"1","1"
"Phalaropus_lobatus","1","1",NA,"1","1",NA,"1",NA
"Phaps_chalcoptera","1","1","1","1","1","1","1","1"
"Phaps_elegans","1","1","1","1","1","1",NA,"1"
"Phaps_histrionica","1",NA,"1","1","1",NA,"1",NA
"Phasianus_colchicus","1","1","1","1","1","1",NA,"1"
"Philemon_argenticeps",NA,NA,"1",NA,"1",NA,"1",NA
"Philemon_buceroides",NA,NA,"1",NA,NA,NA,"1",NA
"Philemon_citreogularis","1","1","1","1","1",NA,"1","1"
"Philemon_corniculatus","1","1","1",NA,NA,NA,NA,"1"
"Philomachus_pugnax","1","1","1","1","1","1","1",NA
"Phoebetria_fusca","1","1","1","1","1","1",NA,NA
"Phoebetria_palpebrata","1","1",NA,"1",NA,"1",NA,NA
"Phonygammus_keraudrenii",NA,NA,"1",NA,NA,NA,NA,NA
"Phylidonyris_albifrons","1","1","1","1","1",NA,"1",NA
"Phylidonyris_niger","1",NA,"1",NA,"1",NA,NA,NA
"Phylidonyris_novaehollandiae","1","1","1","1","1","1",NA,"1"
"Phylidonyris_pyrrhoptera","1","1",NA,"1",NA,"1",NA,"1"
"Pitta_erythrogaster",NA,NA,"1",NA,NA,NA,NA,NA
"Pitta_iris",NA,NA,NA,NA,"1",NA,"1",NA
"Pitta_versicolor","1",NA,"1",NA,NA,NA,NA,NA
"Platalea_flavipes","1","1","1","1","1",NA,"1","1"
"Platalea_regia","1","1","1","1","1",NA,"1","1"
"Platycercus_adscitus","1",NA,"1",NA,NA,NA,NA,NA
"Platycercus_caledonicus",NA,NA,NA,NA,NA,"1",NA,NA
"Platycercus_elegans","1","1","1","1",NA,NA,NA,"1"
"Platycercus_eximius","1","1","1","1",NA,"1",NA,"1"
"Platycercus_icterotis",NA,NA,NA,NA,"1",NA,NA,NA
"Platycercus_venustus",NA,NA,"1",NA,"1",NA,"1",NA
"Plectorhyncha_lanceolata","1","1","1","1",NA,NA,NA,NA
"Plegadis_falcinellus","1","1","1","1","1",NA,"1","1"
"Pluvialis_dominicus","1",NA,"1","1","1","1",NA,NA
"Pluvialis_fulva","1","1","1","1","1","1","1","1"
"Pluvialis_squatarola","1","1","1","1","1","1","1",NA
"Podargus_ocellatus","1",NA,"1",NA,NA,NA,NA,NA
"Podargus_papuensis","1",NA,"1",NA,NA,NA,NA,NA
"Podargus_strigoides","1","1","1","1","1","1","1","1"
"Podiceps_cristatus","1","1","1","1","1","1",NA,"1"
"Poecilodryas_cerviniventris",NA,NA,"1",NA,"1",NA,"1",NA
"Poecilodryas_superciliosa",NA,NA,"1",NA,NA,NA,NA,NA
"Poephila_acuticauda",NA,NA,"1",NA,"1",NA,"1",NA
"Poephila_cincta",NA,NA,"1",NA,NA,NA,NA,NA
"Poephila_personata",NA,NA,"1",NA,"1",NA,"1",NA
"Poliocephalus_poliocephalus","1","1","1","1","1","1","1","1"
"Polytelis_alexandrae",NA,NA,NA,"1","1",NA,"1",NA
"Polytelis_anthopeplus","1","1",NA,"1","1",NA,NA,NA
"Polytelis_swainsonii","1","1",NA,NA,NA,NA,NA,"1"
"Pomatostomus_halli","1",NA,"1",NA,NA,NA,NA,NA
"Pomatostomus_ruficeps","1","1","1","1",NA,NA,NA,NA
"Pomatostomus_superciliosus","1","1","1","1","1",NA,"1","1"
"Pomatostomus_temporalis","1","1","1","1","1",NA,"1",NA
"Porphyrio_porphyrio","1","1","1","1","1","1","1","1"
"Porzana_cinerea","1",NA,"1",NA,"1",NA,"1",NA
"Porzana_fluminea","1","1","1","1","1",NA,NA,"1"
"Porzana_pusilla","1","1","1","1","1",NA,NA,"1"
"Porzana_tabuensis","1","1","1","1","1","1","1","1"
"Probosciger_aterrimus",NA,NA,"1",NA,NA,NA,NA,NA
"Procellaria_aequinoctialis","1","1","1","1","1","1",NA,"1"
"Procellaria_cinerea","1","1",NA,"1","1","1",NA,NA
"Procellaria_parkinsoni","1",NA,NA,NA,NA,NA,NA,NA
"Procellaria_westlandica","1","1",NA,NA,NA,NA,NA,NA
"Procelsterna_cerulea","1",NA,"1","1",NA,NA,NA,NA
"Psephotus_dissimilis",NA,NA,NA,NA,NA,NA,"1",NA
"Psephotus_haematonotus","1","1","1","1",NA,NA,NA,"1"
"Psephotus_varius","1","1","1","1","1",NA,"1",NA
"Pseudobulweria_rostrata","1",NA,NA,NA,NA,NA,"1",NA
"Psitteuteles_versicolor",NA,NA,"1",NA,"1",NA,"1",NA
"Psophodes_cristatus","1",NA,"1","1",NA,NA,"1",NA
"Psophodes_nigrogularis",NA,NA,NA,"1","1",NA,NA,NA
"Psophodes_occidentalis",NA,NA,"1","1","1",NA,"1",NA
"Psophodes_olivaceus","1","1","1",NA,NA,NA,NA,"1"
"Pterodroma_cervicalis","1",NA,NA,NA,NA,NA,NA,NA
"Pterodroma_cookii","1",NA,NA,NA,NA,NA,NA,NA
"Pterodroma_inexpectata","1","1","1","1",NA,"1",NA,NA
"Pterodroma_lessonii","1","1",NA,"1","1","1",NA,NA
"Pterodroma_leucoptera","1",NA,"1",NA,NA,"1",NA,NA
"Pterodroma_macroptera","1","1","1","1","1","1",NA,NA
"Pterodroma_mollis","1","1","1","1","1","1",NA,NA
"Pterodroma_neglecta","1",NA,NA,NA,NA,NA,NA,NA
"Pterodroma_nigripennis","1","1","1",NA,NA,NA,NA,NA
"Pterodroma_solandri","1",NA,"1","1",NA,NA,NA,NA
"Ptilinopus_cinctus",NA,NA,NA,NA,NA,NA,"1",NA
"Ptilinopus_magnificus","1",NA,"1",NA,NA,NA,NA,NA
"Ptilinopus_regina","1",NA,"1",NA,"1",NA,"1",NA
"Ptilinopus_superbus","1",NA,"1",NA,NA,NA,NA,NA
"Ptilonorhynchus_cerviniventris",NA,NA,"1",NA,NA,NA,NA,NA
"Ptilonorhynchus_guttatus",NA,NA,NA,"1","1",NA,"1",NA
"Ptilonorhynchus_maculatus","1","1","1",NA,NA,NA,NA,NA
"Ptilonorhynchus_nuchalis",NA,NA,"1",NA,"1",NA,"1",NA
"Ptilonorhynchus_violaceus","1","1","1",NA,NA,NA,NA,"1"
"Ptiloris_magnificus",NA,NA,"1",NA,NA,NA,NA,NA
"Ptiloris_paradiseus","1",NA,"1",NA,NA,NA,NA,NA
"Ptiloris_victoriae",NA,NA,"1",NA,NA,NA,NA,NA
"Puffinus_assimilis","1","1","1",NA,"1","1",NA,NA
"Puffinus_gavia","1","1","1","1","1","1",NA,NA
"Puffinus_griseus","1","1","1",NA,"1","1",NA,NA
"Puffinus_huttoni","1","1","1","1","1","1",NA,NA
"Puffinus_tenuirostris","1","1","1","1","1","1","1",NA
"Purnella_albifrons","1","1","1","1","1",NA,"1",NA
"Purpureicephalus_spurius",NA,NA,NA,NA,"1",NA,NA,NA
"Pycnonotus_jocosus","1","1","1","1",NA,NA,NA,"1"
"Pycnoptilus_floccosus","1","1",NA,NA,NA,NA,NA,"1"
"Pyrrholaemus_brunneus","1","1","1","1","1",NA,"1",NA
"Rallina_tricolor",NA,NA,"1",NA,NA,NA,NA,NA
"Ramsayornis_fasciatus",NA,NA,"1",NA,"1",NA,"1",NA
"Ramsayornis_modestus",NA,NA,"1",NA,NA,NA,NA,NA
"Recurvirostra_novaehollandiae","1","1","1","1","1",NA,"1",NA
"Rhipidura_albiscapa","1","1","1","1","1","1","1","1"
"Rhipidura_dryas","1",NA,"1",NA,"1",NA,"1",NA
"Rhipidura_fuliginosa","1","1","1","1","1","1","1","1"
"Rhipidura_leucophrys","1","1","1","1","1",NA,"1","1"
"Rhipidura_phasiana",NA,NA,"1",NA,"1",NA,"1",NA
"Rhipidura_rufifrons","1","1","1","1","1",NA,"1","1"
"Rhipidura_rufiventris",NA,NA,"1",NA,"1",NA,"1",NA
"Rostratula_australis","1","1","1","1","1",NA,"1","1"
"Scenopoeetes_dentirostris",NA,NA,"1",NA,NA,NA,NA,NA
"Scythrops_novaehollandiae","1","1","1",NA,"1",NA,"1","1"
"Sericornis_beccarii",NA,NA,"1",NA,NA,NA,NA,NA
"Sericornis_citreogularis","1",NA,"1",NA,NA,NA,NA,NA
"Sericornis_frontalis","1","1","1","1","1","1",NA,"1"
"Sericornis_humilis",NA,NA,NA,NA,NA,"1",NA,NA
"Sericornis_keri",NA,NA,"1",NA,NA,NA,NA,NA
"Sericornis_magnirostra","1","1","1",NA,NA,NA,NA,NA
"Sericulus_chrysocephalus","1",NA,"1",NA,NA,NA,NA,NA
"Smicrornis_brevirostris","1","1","1","1","1",NA,"1","1"
"Sphecotheres_vieilloti","1","1","1",NA,"1",NA,"1",NA
"Sphecotheres_viridis","1",NA,"1","1","1",NA,"1","1"
"Stagonopleura_bella","1","1",NA,"1",NA,"1",NA,NA
"Stagonopleura_guttata","1","1","1","1",NA,NA,NA,"1"
"Stagonopleura_oculata",NA,NA,NA,NA,"1",NA,NA,NA
"Stercorarius_antarcticus","1","1","1","1","1","1",NA,NA
"Stercorarius_longicaudus","1",NA,"1",NA,"1",NA,"1",NA
"Stercorarius_parasiticus","1","1","1","1","1","1","1",NA
"Stercorarius_pomarinus","1","1","1","1",NA,"1","1",NA
"Stercorarius_skua","1","1",NA,"1",NA,NA,NA,NA
"Sterna_dougallii",NA,NA,"1",NA,"1",NA,"1",NA
"Sterna_hirundo","1","1","1","1","1","1","1",NA
"Sterna_nereis","1","1",NA,"1","1","1",NA,NA
"Sterna_paradisaea","1","1","1","1","1","1",NA,NA
"Sterna_striata","1","1","1","1",NA,"1",NA,NA
"Sterna_sumatrana","1",NA,"1",NA,"1",NA,"1",NA
"Sternula_albifrons","1","1","1","1","1","1","1",NA
"Sternula_nereis","1","1","1","1","1","1",NA,NA
"Stictonetta_naevosa","1","1","1","1","1",NA,NA,"1"
"Stiltia_isabella","1","1","1","1","1",NA,"1",NA
"Stipiturus_malachurus","1","1","1","1","1","1",NA,NA
"Stipiturus_mallee",NA,"1",NA,"1",NA,NA,NA,NA
"Stipiturus_ruficeps",NA,NA,"1","1","1",NA,"1",NA
"Strepera_fuliginosa",NA,NA,NA,NA,NA,"1",NA,NA
"Strepera_graculina","1","1","1","1",NA,NA,NA,"1"
"Strepera_versicolor","1","1",NA,"1","1","1",NA,"1"
"Streptopelia_chinensis","1","1","1","1","1","1","1","1"
"Streptopelia_roseogrisea","1","1","1","1",NA,"1","1","1"
"Streptopelia_senegalensis","1",NA,"1",NA,"1",NA,NA,NA
"Struthidea_cinerea","1","1","1","1",NA,NA,"1",NA
"Sturnus_tristis","1","1","1",NA,NA,NA,NA,"1"
"Sturnus_vulgaris","1","1","1","1","1","1","1","1"
"Sugomel_niger","1","1","1","1","1",NA,"1",NA
"Sula_dactylatra","1","1","1","1","1",NA,"1",NA
"Sula_leucogaster","1","1","1",NA,"1",NA,"1",NA
"Sula_sula","1",NA,"1",NA,NA,NA,"1",NA
"Syma_torotoro",NA,NA,"1",NA,NA,NA,NA,NA
"Symposiachrus_trivirgatus","1",NA,"1",NA,NA,NA,NA,NA
"Tachybaptus_novaehollandiae","1","1","1","1","1","1","1","1"
"Tadorna_radjah",NA,NA,"1",NA,"1",NA,"1",NA
"Tadorna_tadornoides","1","1","1","1","1","1",NA,"1"
"Taeniopygia_bichenovii","1","1","1",NA,"1",NA,"1","1"
"Taeniopygia_guttata","1","1","1","1","1",NA,"1",NA
"Tanysiptera_sylvia",NA,NA,"1",NA,NA,NA,NA,NA
"Thalassarche_bulleri","1","1",NA,NA,NA,"1",NA,NA
"Thalassarche_cauta","1","1","1","1","1","1",NA,NA
"Thalassarche_chlororhynchos","1","1",NA,"1","1","1",NA,NA
"Thalassarche_chrysostoma","1","1","1","1","1","1",NA,NA
"Thalassarche_melanophris","1","1","1","1","1","1",NA,NA
"Thalasseus_bengalensis","1",NA,"1",NA,"1",NA,"1",NA
"Thalasseus_bergii","1","1","1","1","1","1","1",NA
"Thalassoica_antarctica",NA,"1",NA,"1",NA,"1",NA,NA
"Thinornis_rubricollis","1","1",NA,"1","1","1",NA,NA
"Threskiornis_molucca","1","1","1","1","1",NA,"1","1"
"Threskiornis_spinicollis","1","1","1","1","1",NA,"1","1"
"Todiramphus_chloris","1",NA,"1",NA,"1",NA,"1",NA
"Todiramphus_macleayii","1",NA,"1",NA,NA,NA,"1",NA
"Todiramphus_pyrrhopygius","1","1","1","1","1",NA,"1","1"
"Todiramphus_sanctus","1","1","1","1","1",NA,"1","1"
"Tregellasia_capito","1",NA,"1",NA,NA,NA,NA,NA
"Tregellasia_leucops",NA,NA,"1",NA,NA,NA,NA,NA
"Tribonyx_mortierii",NA,NA,NA,NA,NA,"1",NA,NA
"Tribonyx_ventralis","1","1","1","1","1",NA,"1",NA
"Trichodere_cockerelli",NA,NA,"1",NA,NA,NA,NA,NA
"Trichoglossus_chlorolepidotus","1",NA,"1",NA,NA,NA,NA,"1"
"Trichoglossus_haematodus","1","1","1","1","1","1","1","1"
"Tringa_brevipes","1","1","1","1","1","1","1",NA
"Tringa_glareola","1","1","1","1","1",NA,"1","1"
"Tringa_incana","1",NA,"1",NA,NA,NA,"1",NA
"Tringa_nebularia","1","1","1","1","1","1","1","1"
"Tringa_stagnatilis","1","1","1","1","1",NA,"1","1"
"Tringa_totanus","1","1","1","1","1",NA,"1",NA
"Tryngites_subruficollis","1","1","1","1","1","1","1",NA
"Turdus_merula","1","1","1","1",NA,"1",NA,"1"
"Turdus_philomelos","1","1",NA,NA,NA,NA,NA,NA
"Turnix_castanotus",NA,NA,NA,NA,"1",NA,"1",NA
"Turnix_maculosus","1",NA,"1",NA,"1",NA,"1",NA
"Turnix_melanogaster",NA,NA,"1",NA,NA,NA,NA,NA
"Turnix_pyrrhothorax","1","1","1","1","1",NA,"1","1"
"Turnix_varius","1","1","1","1","1","1",NA,"1"
"Turnix_velox","1","1","1","1","1",NA,"1","1"
"Tyto_alba","1","1","1","1","1",NA,"1","1"
"Tyto_capensis","1",NA,"1","1","1",NA,"1",NA
"Tyto_javanica","1","1","1","1","1","1","1","1"
"Tyto_longimembris","1",NA,"1","1","1",NA,"1",NA
"Tyto_novaehollandiae","1","1","1",NA,"1","1","1","1"
"Tyto_tenebricosa","1","1","1",NA,NA,NA,NA,NA
"Vanellus_miles","1","1","1","1","1","1","1","1"
"Vanellus_tricolor","1","1","1","1","1","1","1","1"
"Xanthotis_flaviventer",NA,NA,"1",NA,NA,NA,NA,NA
"Xanthotis_macleayanus",NA,NA,"1",NA,NA,NA,NA,NA
"Xenus_cinereus","1","1","1","1","1","1","1",NA
"Zoothera_heinei","1",NA,"1",NA,NA,NA,NA,NA
"Zoothera_lunulata","1","1","1","1",NA,"1",NA,"1"
"Zosterops_lateralis","1","1","1","1","1","1",NA,"1"
"Zosterops_luteus",NA,NA,"1",NA,"1",NA,"1",NA
NA,NA,NA,NA,NA,NA,NA,NA,NA
